item_id;group;item;quantity;unit;quantity_basis;branch_8lv;branch_6lpa;supply_boundary;interfaces;price_ref;technical_source;required_evidence;closure_owner;status;acceptance;notes
M01;PK01;Главный двигатель:8LV320 либо6LPA-STP2;1;шт;"Одна силовая установка; две альтернативы не суммируются";INCLUDED_DEALER_STATEMENT;INCLUDED_DEALER_STATEMENT;"8LV в пакете;6LPA bobtail";Нагрузка/редуктор/пуск/фундаменты;M03 YAN-E01 /YAN-E02;"M03/yanmar/research.md; OEM8LV2021spec and2019manual; M04/gearbox.md; OEM6LPA2021spec and partsfig48";"ТочныйSKU/серийная ревизия; допустимый длительный режим; документы применимостиЕС";Поставщик двигателя + проектант;OPEN;Подтверждён требуемый полезный ходовой результат и допустимость поставки;"8LV320мhp не300continuous; оба исходно12V;6LPA RCD1 applicabilityOPEN"
M02;PK01;Редуктор KMH50A либо KMH50A-LP;1;шт;Один из альтернативных редукторов;INCLUDED_DEALER_STATEMENT;SEPARATE;"8LV вместе с двигателем;LP отдельное предложение";Отношение/фланцы/направление вращения/управление;"M03 YAN-E01; M05 GA01/GA02/GA03";"M04/gearbox.md; OEM6LPA2021spec and partsfig48";"BOM исполнения; расчёт отношения и винта; состав охлаждения/управления";Поставщик + проектант пропульсии;OPEN;Редуктор согласован с двигателем и винтом;"LP ratio2.13 только кандидат; историческийGA03 не текущаяцена"
M03;PK01;Торсионный демпфер;1;шт;"Функционально1; отдельная закупка лишь если отсутствует в выбранном пакете";OPEN;OPEN;"Проверить включённость;119773-85520 только кандидат6LPA";Маховик/входной вал/торсионные колебания;M04 GB03;"M04/gearbox.md; OEM6LPA2021spec and partsfig48";"Совместимость/замена артикула; включённость; торсионное согласование";Поставщик силового комплекта;OPEN;Один согласованный демпфер без двойного счёта;"85520 заменяет85500; не передний демпфер коленвала"
M04;PK01;Присоединительный корпус, фланцы, лапы и крепёж;;позиции BOM;Количество после ведомости точного двигателя/редуктора;OPEN;OPEN;Только стык двигателя с редуктором;"BorgWarner/SAE; болтовые соединения";;"M04/gearbox.md; OEM6LPA2021spec and partsfig48";Монтажный чертёж и артикулы присоединения;Поставщик комплекта;OPEN;Стык комплектен по монтажному BOM;
M05;PK01;Гребной вал;1;шт;"Предварительно одна валовая линия для одного двигателя; схема на согласовании";SEPARATE;SEPARATE;"Изготовление вала; без подшипников/уплотнения/винта";Редуктор/дейдвуд/винт;;Проектная декомпозиция M06;Материал,диаметр,длина,конусы/шпонки,расчёт и чертёж;Проектант пропульсии + изготовитель;OPEN;Вал соответствует утверждённой схеме;Число1 — рабочая схема, размерыOPEN
M06;PK01;Выходная муфта валопровода;1;шт;Один стык редуктора и вала по рабочей схеме;OPEN;OPEN;Не входной демпферM03;Выходной фланец/осевая нагрузка/допуск несоосности;;Проектная декомпозиция M06;"Чертёж фланца; допустимые нагрузки; включённость";Проектант + поставщик;OPEN;Совместимый согласованный стык;
M07;PK01;Дейдвудное уплотнение;1;шт;Один ввод вала по рабочей схеме;SEPARATE;SEPARATE;Уплотнение и его локальные подключения;Вал/корпус/охлаждение/аварийный доступ;;Проектная декомпозиция M06;"Диаметр; режим смазки/водоснабжения; сервисный доступ";Проектант + поставщик;OPEN;Герметичность и доступ по инструкции изделия;
M08;PK01;Дейдвуд, подшипники и наружные опоры;;позиции BOM;Количество и состояние исходного корпуса после обследования;OPEN;OPEN;Не закупать уже существующее без проверки;Вал/корпус/гальваническая развязка;;Проектная декомпозиция M06;"Обмеры исходного корпуса; схема опор; нагрузки";Корпусный проектант + верфь;OPEN;Согласованы опоры и линия вала;
M09;PK01;Гребной винт;1;шт;Один винт для рабочей одновальной схемы;SEPARATE;SEPARATE;Тип/диаметр/шаг/лопасти не выбраны;Вал/корпус/двигатель/редуктор;;Проектная декомпозиция M06;"Расчёт хода и кавитации; зазоры; сопротивление под парусом";Проектант пропульсии;OPEN;Достижение согласованных режимов без перегрузки двигателя;
M10;PK01;Отдельный упорный подшипник и гибкая передача;;условная позиция;Только если выбрана схема с разгрузкой редуктора;OPTIONAL;OPTIONAL;Не обязательное дополнение к любой муфте;Осевая нагрузка/корпус/центровка;;Проектная декомпозиция M06;Решение по передаче упора и расчёт фундамента;Проектант;OPEN;Схема утверждена или позиция исключена;
M11;PK01;Эластичные опоры двигателя/редуктора;;шт;"Тип/количество поBOM; не назначать4 без поставки";INCLUDED_DEALER_STATEMENT;OPEN;"Abma заявляет опоры8LV; bobtail6LPA проверить";Масса/центр тяжести/фундаменты;M03 YAN-E01;"M03/yanmar/research.md; OEM8LV2021spec and2019manual; M04/gearbox.md; OEM6LPA2021spec and partsfig48";Артикулы/количество/допустимые нагрузки/регулировки;Поставщик + верфь;OPEN;Опоры согласованы с нагрузкой и регулировкой;
M12;PK01;Фундаменты и усиления корпуса;;объёмы работ;После обследования и расчёта;SEPARATE;SEPARATE;Изменения алюминиевого корпуса под главный двигатель;Опоры/упор/коррозия/обслуживание;;Проектная декомпозиция M06;Обмер,расчёт,чертежи,материалы/сварка;Корпусный проектант + верфь;OPEN;Приняты геометрия и качество работ;
M13;PK09;Подача и возврат топлива главного двигателя;;позиции/м поBOM;Трасса/арматура/длиныOPEN;SEPARATE;SEPARATE;"Внешний контур от границы танка до двигателя; безгенераторов";Танк/насос/расход/обратное давление;;"OEM manuals8LV/6LPA; M03research";"Схема; диаметры; материалы; запорная арматура; допустимые давления";Системный проектант + верфь;OPEN;Герметичность и параметры подачи/возврата подтверждены;
M14;PK09;Предварительная фильтрация/водоотделение топлива;;шт;Число фильтров и необходимость резервирования по схеме;OPEN;OPEN;Не путать со штатным фильтром на двигателе;Топливоподача/обслуживание/сигнализация;;"OEM engine specs; M03research";"Штатная комплектность; требуемая тонкость/расход/перепад";Поставщик + системный проектант;OPEN;Фильтрация соответствует инструкции двигателя;
M15;PK09;Интерфейс топливных танков;;позиции BOM;Ёмкость/число танков здесь не назначаются;OPEN;OPEN;"Отбор/возврат/отсечка/очистка; сами танки отдельный корпусной/системный пакет";Общие танки яхты и отдельные потребители;;Проектная декомпозиция M06;Согласованные штуцеры/уровни/режимы и границы пакетов;Системный проектант;OPEN;Утверждены интерфейсы без дублирования танков;
M16;PK09;Забортное охлаждение главного двигателя;;позиции/м поBOM;Число вводов и длины после схемы;SEPARATE;SEPARATE;"Ввод/кингстон/фильтр/шланги/антисифон по применимости; безгенераторов";Корпус/насос/теплообменники/выхлоп;;OEM manuals8LV/6LPA;"Расход/сопротивление/уровни при крене; развязка металлов";Системный проектант + верфь;OPEN;"Согласован расход; исключено обратное затопление по проекту";
M17;PK01|PK09;Штатный замкнутый контур охлаждения двигателя;;позиции BOM;Проверить все штатные и выносные элементы;OPEN;OPEN;"Встроенный насос/теплообменник и расширение; проверитьBOM двигателя";Высоты/развоздушивание/жидкость;;OEM8LV2021 and6LPA2021spec;"BOM; выносной бак/линии если нужны; инструкция заполнения";Поставщик;OPEN;Полный согласованный контур без вторичной покупки штатных узлов;
M18;PK01|PK09;Маслоохладитель редуктора с подключением;1;функциональный узел;"Один контур однойкоробки; состав деталейOPEN; закупка по включённости";OPEN;OPEN;GB04 только теплообменник, не готовый узел;Редуктор/водяной контур/кронштейны/масляные шланги;M04 GB04;"M04/gearbox.md; OEM6LPA2021spec and partsfig48";"Серийныйвариант; полныйBOM; включённость в пакет";Поставщик редуктора;OPEN;Проверены давление/температура и отсутствие течей;
M19;PK01|PK09;Смесительное выпускное колено;1;шт;"Один выпуск; тип L/high-riser после отметок";OPEN;OPEN;"Сверить комплектность выбранногоSKU; альтернативные колена не складывать";Двигатель/забортнаявода/выхлоп;;OEM8LV2021 and6LPA2021spec;Тип/материал/высоты/включённость;Поставщик + системный проектант;OPEN;Колено соответствует монтажной схеме;
M20;PK09;Внешний выпуск главного двигателя;;позиции/м поBOM;Трасса,водянойзамок/глушитель/петли/выпуск порасчёту;SEPARATE;SEPARATE;"От колена до выхода за борт; без выпусков генераторов";Противодавление/затопление/шум/температура;;OEM manuals8LV/6LPA;Чертёж/длины/сечения/расчёт противодавления и водяногообъёма;Системный проектант + верфь;OPEN;Противодавление/защита от воды соответствуют OEM;
M21;PK09;Воздух двигателя и интерфейс вентиляции МО;;расчёт/позиции BOM;Расходы/сечения/число вентиляторовOPEN;OPEN;OPEN;"Требования главного двигателя к общей вентиляции; общий пакетМО не дублируется";Генераторы/теплоприток/входы/выходы/шум;;OEM manuals8LV/6LPA;Теплобаланс/расход воздуха/потери и общий ответственный PK09;Системный проектант;OPEN;Общая система обеспечивает согласованную среду для двигателя;
M22;PK01|PK12;Механический PTO и присоединение гидронасоса;;условные позиции;"Не назначен; одно утверждённое решение после баланса";OPTIONAL;OPEN;"Только механическое присоединение; насос/гидросеть уэлектрогидроагента";Обороты/момент/винт/крепление/сцепление;;"OEM8LVspec optionalbeltPTO; M04notes";"Допустимый отбор пооборотам/режиму; одновременнаянагрузка";Поставщик двигателя + гидропроектант;OPEN;Есть письменное согласование выбранного отбора;РеменныйPTO не подтверждает мощность всех гидропотребителей
M23;PK10;Интерфейс пожарной защиты и аварийных отсечек;;позиции BOM;Число устройств определяет общий проектМО;OPEN;OPEN;"Только требования этой установки; общий пожарный пакет отдельно";Топливо/вентиляция/дистанционныйостанов/электрика;;Проектная декомпозиция M06;"Согласованные интерфейсы остановки и защиты; требования применимости";Системный проектант + поставщик;OPEN;Защита и остановка проверены совместно без дублей устройств;
M24;PK09;Заправочные жидкости, слив/замена масла и поддоны;;л/шт поBOM;"ОбъёмыOPEN; комплекта1 не назначено";OPEN;OPEN;"Abmaжидкости заявлены; внешний слив/поддоны не заявлены";Двигатель/редуктор/сбор отходов/доступ;M03 YAN-E01;"M03/yanmar/research.md; OEM8LV2021spec and2019manual; M04/gearbox.md; OEM6LPA2021spec and partsfig48";"Первые заправки/BOM; точкислива; объёмподдонов; процедурасервиса";Поставщик + верфь;OPEN;Жидкости и безопасное обслуживание обеспечены без двойного счёта;
M25;PK01;Сервисные зоны и путь демонтажа;;чертежи/обмер;Размеры и объёмыOPEN;OPEN;OPEN;Монтажныйобъём главнойустановки, не наружныйгабарит;Фильтры/ремни/колено/редуктор/люки/подъём;;"M03yanmarresearch; OEM installationGA required";GA сдоступами,масса/ЦТ,обмерМО и путьвыноса;Компоновщик + поставщик + верфь;OPEN;"Проверена доступность; помещаемость не выводится изэскиза";"8LV1340x880x766 толькосправочныйгабарит;6LPAконфликтстарыхразмеровOPEN"
M26;PK01;Монтаж и центровка силовой линии;;объёмы работ;"После чертежей; часы/операцииOPEN";SEPARATE;SEPARATE;"Установка,крепление,подключение,центровка; без изготовленияM12";Все механическиестыки/спускнаводу;;Проектная декомпозиция M06;Технология/допуски/проверка после спуска;Верфь + сервис OEM;OPEN;Подписанный монтажный ицентровочный протокол;
M27;PK01;Первые пуски,швартовные иходовые проверки;;операции испытаний;План и длительностьOPEN;OPEN;OPEN;"Испытания главнойустановки; общий судовойплан уroot";Нагрузка/температуры/давления/вибрации/течи/останов;;"OEM manuals8LV/6LPA; M03duty notes";Согласованный план/критерии и гарантийный ввод;Верфь + OEMсервис + проектант;OPEN;Закрыты критерии согласованного плана и замечания;
M28;PK01;Документация,обучение и стартовый ЗИП;;документы/позиции BOM;Состав документов и расходниковOPEN;OPEN;OPEN;"Главнаяустановка; штатные поставки учитывать";Гарантия/серийныеномера/регламент/применимостьЕС;;M03/M04/M05 evidence;As-built/BOM/руководства/сертификаты/гарантия/переченьЗИП;Поставщик + верфь;OPEN;"Документы переданы; персонал ознакомлен; ЗИП согласован";
