handle,type,layer_g01,layer_oda,differing_fields,geometry_max_abs_delta,pass_tolerance_1e-8
4ED0,LWPOLYLINE,44,44,,0.0,True
4F37,LWPOLYLINE,43,43,,0.0,True
4F9E,LWPOLYLINE,42,42,,0.0,True
5005,LWPOLYLINE,41,41,,0.0,True
506C,LWPOLYLINE,40,40,,0.0,True
50D3,LWPOLYLINE,39,39,,0.0,True
513A,LWPOLYLINE,38,38,,0.0,True
51A1,LWPOLYLINE,37,37,,0.0,True
5208,LWPOLYLINE,36,36,,0.0,True
526F,LWPOLYLINE,35,35,,0.0,True
52D6,LWPOLYLINE,34,34,,0.0,True
533D,LWPOLYLINE,33,33,,0.0,True
53A4,LWPOLYLINE,32,32,,0.0,True
540B,LWPOLYLINE,31,31,,0.0,True
5472,LWPOLYLINE,30,30,,0.0,True
54D9,LWPOLYLINE,29,29,,0.0,True
5540,LWPOLYLINE,28,28,,0.0,True
55A7,LWPOLYLINE,27,27,,0.0,True
560E,LWPOLYLINE,26,26,,0.0,True
5675,LWPOLYLINE,25,25,,0.0,True
56DC,LWPOLYLINE,24,24,,0.0,True
5743,LWPOLYLINE,23,23,,0.0,True
57AA,LWPOLYLINE,22,22,,0.0,True
5811,LWPOLYLINE,21,21,,9.094947017729282e-13,True
5878,LWPOLYLINE,20,20,,1.3642420526593924e-12,True
58DF,LWPOLYLINE,19,19,,1.3642420526593924e-12,True
5946,LWPOLYLINE,18,18,,1.3642420526593924e-12,True
59AD,LWPOLYLINE,17,17,,1.3642420526593924e-12,True
5A14,LWPOLYLINE,16,16,,1.3642420526593924e-12,True
5A7B,LWPOLYLINE,15,15,,1.3642420526593924e-12,True
5AE2,LWPOLYLINE,14,14,,1.3642420526593924e-12,True
5B49,LWPOLYLINE,13,13,,1.3642420526593924e-12,True
5BB0,LWPOLYLINE,12,12,,1.3642420526593924e-12,True
5C17,LWPOLYLINE,11,11,,1.3642420526593924e-12,True
5C7E,LWPOLYLINE,10,10,,1.3642420526593924e-12,True
5CE5,LWPOLYLINE,9,9,,1.3642420526593924e-12,True
5D4C,LWPOLYLINE,8,8,,1.3642420526593924e-12,True
5DB3,LWPOLYLINE,7,7,,1.3642420526593924e-12,True
5E1A,LWPOLYLINE,6,6,,1.1368683772161603e-12,True
5E81,LWPOLYLINE,5,5,,1.1368683772161603e-12,True
5EE8,LWPOLYLINE,4,4,,1.1368683772161603e-12,True
5F4F,LWPOLYLINE,3,3,,1.1368683772161603e-12,True
5FB6,LWPOLYLINE,2,2,,1.1368683772161603e-12,True
601D,LWPOLYLINE,1,1,,1.1368683772161603e-12,True
6084,LWPOLYLINE,0,0,,1.1368683772161603e-12,True
60EB,LWPOLYLINE,-1,-1,,1.1368683772161603e-12,True
6152,LWPOLYLINE,-2,-2,,1.1368683772161603e-12,True
61B9,LWPOLYLINE,-3,-3,,0.0,True
6220,LWPOLYLINE,-4,-4,,0.0,True
6287,LINE,CENTER,CENTER,,0.0,True
6288,LWPOLYLINE,45,45,,0.0,True
62E5,LINE,CENTER,CENTER,,0.0,True
62E6,LINE,HELP,HELP,,0.0,True
62E7,LINE,HELP,HELP,,0.0,True
62E8,LINE,HELP,HELP,,0.0,True
62E9,LINE,HELP,HELP,,0.0,True
62EA,LINE,HELP,HELP,,0.0,True
62EB,LINE,HELP,HELP,,0.0,True
62EC,LINE,HELP,HELP,,0.0,True
62ED,LINE,HELP,HELP,,0.0,True
62EE,LINE,HELP,HELP,,1.1368683772161603e-12,True
62EF,LINE,HELP,HELP,,0.0,True
62F0,LINE,HELP,HELP,,9.094947017729282e-13,True
62F1,LINE,HELP,HELP,,0.0,True
62F2,LINE,HELP,HELP,,0.0,True
62F3,LINE,HELP,HELP,,9.094947017729282e-13,True
62F4,LINE,HELP,HELP,,0.0,True
62F5,LINE,HELP,HELP,,0.0,True
62F6,LINE,HELP,HELP,,0.0,True
62F7,LINE,HELP,HELP,,0.0,True
62F8,LINE,HELP,HELP,,0.0,True
62F9,LINE,HELP,HELP,,9.094947017729282e-13,True
62FA,LINE,HELP,HELP,,0.0,True
62FB,LINE,HELP,HELP,,9.094947017729282e-13,True
62FC,LINE,HELP,HELP,,0.0,True
62FD,LINE,HELP,HELP,,0.0,True
62FE,LINE,HELP,HELP,,0.0,True
62FF,LINE,HELP,HELP,,9.094947017729282e-13,True
6300,LINE,HELP,HELP,,1.3642420526593924e-12,True
6301,LINE,HELP,HELP,,0.0,True
6302,LINE,HELP,HELP,,0.0,True
6303,LINE,HELP,HELP,,9.094947017729282e-13,True
6304,LINE,HELP,HELP,,9.094947017729282e-13,True
6305,LINE,HELP,HELP,,0.0,True
6306,LINE,HELP,HELP,,0.0,True
6307,LINE,HELP,HELP,,0.0,True
6308,LINE,HELP,HELP,,0.0,True
6309,LINE,HELP,HELP,,0.0,True
630A,LINE,HELP,HELP,,9.094947017729282e-13,True
630B,LINE,HELP,HELP,,0.0,True
630C,LINE,11,11,,0.0,True
630D,LINE,HELP,HELP,,9.094947017729282e-13,True
630E,LINE,HELP,HELP,,0.0,True
630F,LINE,HELP,HELP,,0.0,True
6310,LINE,HELP,HELP,,0.0,True
6311,LINE,HELP,HELP,,9.094947017729282e-13,True
6312,LINE,HELP,HELP,,0.0,True
6313,LINE,HELP,HELP,,0.0,True
6314,TEXT,P5,P5,,0.0,True
6315,TEXT,P5,P5,,9.094947017729282e-13,True
6316,TEXT,P5,P5,,9.094947017729282e-13,True
6317,TEXT,P5,P5,,0.0,True
6318,TEXT,P5,P5,,0.0,True
6319,TEXT,P5,P5,,0.0,True
631A,TEXT,P5,P5,,1.1368683772161603e-12,True
631B,TEXT,P5,P5,,1.3642420526593924e-12,True
631C,TEXT,P5,P5,,0.0,True
631D,TEXT,P5,P5,,9.094947017729282e-13,True
631E,TEXT,P5,P5,,9.094947017729282e-13,True
631F,TEXT,P5,P5,,0.0,True
6320,TEXT,P5,P5,,0.0,True
6321,TEXT,P5,P5,,0.0,True
6322,TEXT,P5,P5,,9.094947017729282e-13,True
6323,TEXT,P5,P5,,9.094947017729282e-13,True
6324,TEXT,P5,P5,,1.3642420526593924e-12,True
6325,TEXT,P5,P5,,0.0,True
6326,TEXT,P5,P5,,9.094947017729282e-13,True
6327,TEXT,P5,P5,,9.094947017729282e-13,True
6328,TEXT,P5,P5,,0.0,True
6329,TEXT,P5,P5,,0.0,True
632A,TEXT,P5,P5,,9.094947017729282e-13,True
632B,TEXT,P5,P5,,0.0,True
632C,TEXT,P5,P5,,0.0,True
632D,TEXT,P5,P5,align_point,inf,False
632E,LINE,P1,P1,,9.094947017729282e-13,True
632F,LINE,P1,P1,,9.094947017729282e-13,True
6330,LINE,P1,P1,,1.3642420526593924e-12,True
6331,LINE,P1,P1,,0.0,True
6332,LINE,P1,P1,,0.0,True
6333,LINE,P1,P1,,0.0,True
6334,LINE,P1,P1,,1.3642420526593924e-12,True
6335,LINE,P1,P1,,1.3642420526593924e-12,True
6336,LINE,P1,P1,,1.3642420526593924e-12,True
6337,LINE,HELP,HELP,,0.0,True
6338,LINE,HELP,HELP,,0.0,True
6339,LINE,HELP,HELP,,0.0,True
633A,LINE,HELP,HELP,,0.0,True
633B,TEXT,P5,P5,,0.0,True
633C,TEXT,P5,P5,,0.0,True
633D,TEXT,P5,P5,,0.0,True
633E,TEXT,P5,P5,,0.0,True
633F,TEXT,P5,P5,,0.0,True
6340,TEXT,P5,P5,,0.0,True
6341,TEXT,P5,P5,,0.0,True
6342,TEXT,P5,P5,,0.0,True
6343,TEXT,P5,P5,,0.0,True
6344,TEXT,P5,P5,,0.0,True
6345,TEXT,P5,P5,,1.1368683772161603e-12,True
6346,TEXT,P5,P5,,0.0,True
6347,TEXT,P5,P5,,0.0,True
6348,TEXT,P5,P5,,0.0,True
6349,TEXT,P5,P5,,0.0,True
634A,TEXT,P5,P5,,0.0,True
634B,TEXT,P5,P5,,0.0,True
634C,TEXT,P5,P5,,0.0,True
634D,TEXT,P5,P5,,0.0,True
634E,TEXT,P5,P5,,0.0,True
634F,TEXT,P5,P5,,9.094947017729282e-13,True
6350,TEXT,P5,P5,,0.0,True
6351,TEXT,P5,P5,,0.0,True
6352,TEXT,P5,P5,,0.0,True
6353,TEXT,P5,P5,,0.0,True
6354,TEXT,P5,P5,,0.0,True
6355,TEXT,P5,P5,,0.0,True
6356,TEXT,P5,P5,,9.094947017729282e-13,True
6357,ARC,49,49,,9.094947017729282e-13,True
6358,ARC,48,48,,9.094947017729282e-13,True
6359,ARC,47,47,,7.734920782892907e-18,True
635A,ARC,46,46,,1.4210854715202004e-14,True
635B,ARC,45,45,,3.6496171262225175e-17,True
635C,ARC,44,44,,1.8344933528230213e-17,True
635D,ARC,43,43,,9.094947017729282e-13,True
635E,ARC,42,42,,6.742552354004448e-18,True
635F,ARC,41,41,,1.740034401014659e-18,True
6360,ARC,40,40,,1.4210854715202004e-14,True
6361,ARC,39,39,,3.396940895479494e-17,True
6362,ARC,38,38,,1.8189894035458565e-12,True
6363,ARC,37,37,,1.4210854715202004e-14,True
6364,ARC,36,36,,3.124895085312946e-17,True
6365,ARC,35,35,,4.6406296950507276e-18,True
6366,ARC,34,34,,1.9092599500634092e-17,True
6367,ARC,33,33,,3.3634637901796904e-17,True
6368,ARC,32,32,,2.168392707311233e-17,True
6369,ARC,31,31,,9.41361766942053e-19,True
636A,ARC,30,30,,1.2737438734999172e-17,True
636B,ARC,29,29,,2.615636430476217e-17,True
636C,ARC,28,28,,1.4210854715202004e-14,True
636D,ARC,27,27,,1.4210854715202004e-14,True
636E,ARC,26,26,,2.6878526945826815e-17,True
636F,ARC,25,25,,9.094947017729282e-12,True
6370,ARC,24,24,,4.5597293460460916e-17,True
6371,ARC,23,23,,1.9891272136019363e-17,True
6372,ARC,22,22,,3.3634637901796904e-17,True
6373,ARC,21,21,,1.0913936421275139e-11,True
6374,ARC,20,20,,1.0913936421275139e-11,True
6375,ARC,19,19,,1.0913936421275139e-11,True
6376,ARC,18,18,,1.6345024195744147e-17,True
6377,ARC,17,17,,4.273414622693573e-17,True
6378,ARC,16,16,,1.1371237319479634e-17,True
6379,ARC,15,15,,3.474257825894195e-17,True
637A,ARC,14,14,,1.0913936421275139e-11,True
637B,ARC,13,13,,4.555984539974809e-17,True
637C,ARC,12,12,,4.6861481550825466e-17,True
637D,ARC,11,11,,2.4198744651067995e-17,True
637E,ARC,10,10,,9.947598300641403e-14,True
637F,ARC,9,9,,2.888650564258578e-18,True
6380,ARC,8,8,,1.0913936421275139e-11,True
6381,ARC,7,7,,2.7316925196975787e-17,True
6382,ARC,6,6,,9.094947017729282e-12,True
6383,ARC,5,5,,1.8556063287411343e-18,True
6384,ARC,4,4,,1.8189894035458565e-12,True
6385,ARC,3,3,,2.876125047920605e-17,True
6386,ARC,2,2,,1.8189894035458565e-12,True
6387,POLYLINE,2,2,vertices,20250.0,False
63B0,LINE,46,46,,1.3642420526593924e-12,True
63B1,LINE,45,45,,0.0,True
63B2,LINE,44,44,,9.094947017729282e-13,True
63B3,LINE,43,43,,0.0,True
63B4,LINE,49,49,,0.0,True
63B5,LINE,48,48,,9.094947017729282e-13,True
63B6,LINE,47,47,,0.0,True
63B7,LINE,22,22,,1.3642420526593924e-12,True
63B8,LINE,23,23,,1.3642420526593924e-12,True
63B9,LINE,24,24,,9.094947017729282e-13,True
63BA,LINE,25,25,,1.3642420526593924e-12,True
63BB,LINE,26,26,,1.3642420526593924e-12,True
63BC,LINE,27,27,,9.094947017729282e-13,True
63BD,LINE,28,28,,9.094947017729282e-13,True
63BE,LINE,29,29,,0.0,True
63BF,LINE,30,30,,0.0,True
63C0,LINE,31,31,,0.0,True
63C1,LINE,32,32,,1.3642420526593924e-12,True
63C2,LINE,33,33,,1.3642420526593924e-12,True
63C3,LINE,34,34,,9.094947017729282e-13,True
63C4,LINE,35,35,,9.094947017729282e-13,True
63C5,LINE,36,36,,9.094947017729282e-13,True
63C6,LINE,37,37,,0.0,True
63C7,LINE,38,38,,0.0,True
63C8,LINE,39,39,,0.0,True
63C9,LINE,40,40,,9.094947017729282e-13,True
63CA,LINE,41,41,,9.094947017729282e-13,True
63CB,LINE,42,42,,9.094947017729282e-13,True
63CC,LINE,2,2,,1.1368683772161603e-12,True
63CD,LINE,3,3,,9.094947017729282e-13,True
63CE,LINE,4,4,,9.094947017729282e-13,True
63CF,LINE,5,5,,9.094947017729282e-13,True
63D0,LINE,6,6,,9.094947017729282e-13,True
63D1,LINE,7,7,,1.3642420526593924e-12,True
63D2,LINE,8,8,,9.094947017729282e-13,True
63D3,LINE,9,9,,0.0,True
63D4,LINE,10,10,,0.0,True
63D5,LINE,11,11,,9.094947017729282e-13,True
63D6,LINE,12,12,,9.094947017729282e-13,True
63D7,LINE,13,13,,9.094947017729282e-13,True
63D8,LINE,14,14,,9.094947017729282e-13,True
63D9,LINE,15,15,,9.094947017729282e-13,True
63DA,LINE,16,16,,9.094947017729282e-13,True
63DB,LINE,17,17,,1.3642420526593924e-12,True
63DC,LINE,18,18,,9.094947017729282e-13,True
63DD,LINE,19,19,,9.094947017729282e-13,True
63DE,LWPOLYLINE,20,20,,9.094947017729282e-13,True
63E2,LINE,21,21,,9.094947017729282e-13,True
63E3,LINE,CENTER,CENTER,,0.0,True
63E4,LINE,CENTER,CENTER,,0.0,True
63E5,LINE,HELP,HELP,,0.0,True
63E6,LINE,HELP,HELP,,0.0,True
63E7,LINE,HELP,HELP,,0.0,True
63E8,LINE,HELP,HELP,,0.0,True
63E9,LINE,HELP,HELP,,0.0,True
63EA,LINE,HELP,HELP,,0.0,True
63EB,LINE,HELP,HELP,,0.0,True
63EC,LINE,HELP,HELP,,0.0,True
63ED,LINE,HELP,HELP,,1.1368683772161603e-12,True
63EE,LINE,HELP,HELP,,0.0,True
63EF,LINE,HELP,HELP,,9.094947017729282e-13,True
63F0,LINE,HELP,HELP,,0.0,True
63F1,LINE,HELP,HELP,,0.0,True
63F2,LINE,HELP,HELP,,9.094947017729282e-13,True
63F3,LINE,HELP,HELP,,0.0,True
63F4,LINE,HELP,HELP,,0.0,True
63F5,LINE,HELP,HELP,,0.0,True
63F6,LINE,HELP,HELP,,0.0,True
63F7,LINE,HELP,HELP,,0.0,True
63F8,LINE,HELP,HELP,,9.094947017729282e-13,True
63F9,LINE,HELP,HELP,,0.0,True
63FA,LINE,HELP,HELP,,9.094947017729282e-13,True
63FB,LINE,HELP,HELP,,0.0,True
63FC,LINE,HELP,HELP,,0.0,True
63FD,LINE,HELP,HELP,,0.0,True
63FE,LINE,HELP,HELP,,9.094947017729282e-13,True
63FF,LINE,HELP,HELP,,1.3642420526593924e-12,True
6400,LINE,HELP,HELP,,0.0,True
6401,LINE,HELP,HELP,,0.0,True
6402,LINE,HELP,HELP,,9.094947017729282e-13,True
6403,LINE,HELP,HELP,,9.094947017729282e-13,True
6404,LINE,HELP,HELP,,0.0,True
6405,LINE,HELP,HELP,,0.0,True
6406,LINE,HELP,HELP,,0.0,True
6407,LINE,HELP,HELP,,0.0,True
6408,LINE,HELP,HELP,,0.0,True
6409,LINE,HELP,HELP,,9.094947017729282e-13,True
640A,LINE,HELP,HELP,,0.0,True
640B,LINE,HELP,HELP,,9.094947017729282e-13,True
640C,LINE,HELP,HELP,,0.0,True
640D,LINE,HELP,HELP,,0.0,True
640E,LINE,HELP,HELP,,0.0,True
640F,LINE,HELP,HELP,,9.094947017729282e-13,True
6410,LINE,HELP,HELP,,0.0,True
6411,LINE,HELP,HELP,,0.0,True
6412,LINE,HELP,HELP,,0.0,True
6413,LINE,HELP,HELP,,0.0,True
6414,LINE,HELP,HELP,,0.0,True
6415,LINE,HELP,HELP,,0.0,True
6416,LINE,HELP,HELP,,0.0,True
6417,LINE,5,5,,0.0,True
6418,LINE,6,6,,0.0,True
6419,LINE,7,7,,9.094947017729282e-13,True
641A,LINE,8,8,,0.0,True
641B,LINE,9,9,,1.1368683772161603e-12,True
641C,ARC,TEMP,TEMP,,1.7094304040134227e-17,True
641D,TEXT,HELP,HELP,align_point,inf,False
641E,LINE,11,11,,0.0,True
641F,LINE,12,12,,9.094947017729282e-13,True
6420,LINE,13,13,,9.094947017729282e-13,True
6421,LINE,18,18,,0.0,True
6422,LINE,14,14,,9.094947017729282e-13,True
6423,LINE,15,15,,9.094947017729282e-13,True
6424,LINE,16,16,,0.0,True
6425,LINE,17,17,,0.0,True
6426,LINE,19,19,,0.0,True
6427,LINE,20,20,,1.3642420526593924e-12,True
6428,POLYLINE,P3,P3,,1.3642420526593924e-12,True
6440,LINE,CENTER,CENTER,,3.541373423692423e-17,True
6441,LINE,CENTER,CENTER,,2.876125047920605e-17,True
6442,LINE,CENTER,CENTER,,1.8556063287411343e-18,True
6443,LINE,CENTER,CENTER,,4.9838586838071444e-17,True
6444,LINE,CENTER,CENTER,,4.9838586838071444e-17,True
6445,LINE,CENTER,CENTER,,3.4059477550828774e-17,True
6446,LINE,CENTER,CENTER,,3.4059477550828774e-17,True
6447,LINE,CENTER,CENTER,,2.6259991503115052e-17,True
6448,LINE,CENTER,CENTER,,2.6259991503115052e-17,True
6449,LINE,CENTER,CENTER,,4.6861481550825466e-17,True
644A,LINE,CENTER,CENTER,,4.6861481550825466e-17,True
644B,LINE,CENTER,CENTER,,4.555984539974809e-17,True
644C,LINE,CENTER,CENTER,,3.474257825894195e-17,True
644D,LINE,CENTER,CENTER,,3.474257825894195e-17,True
644E,LINE,CENTER,CENTER,,4.273414622693573e-17,True
644F,LINE,CENTER,CENTER,,4.273414622693573e-17,True
6450,LINE,CENTER,CENTER,,1.6345024195744147e-17,True
6451,LINE,CENTER,CENTER,,3.4562441066470394e-17,True
6452,LINE,CENTER,CENTER,,3.4562441066470394e-17,True
6453,LINE,CENTER,CENTER,,2.6118916243847394e-17,True
6454,LINE,CENTER,CENTER,,4.829523627453938e-17,True
6455,LINE,CENTER,CENTER,,4.829523627453938e-17,True
6456,LINE,CENTER,CENTER,,4.5597293460460916e-17,True
6457,LINE,CENTER,CENTER,,2.6878526945826815e-17,True
6458,LINE,CENTER,CENTER,,2.3119544921191565e-17,True
6459,LINE,CENTER,CENTER,,9.09778519685126e-18,True
645A,LINE,CENTER,CENTER,,3.408036675052089e-17,True
645B,LINE,CENTER,CENTER,,3.408036675052089e-17,True
645C,LINE,CENTER,CENTER,,2.168392707311233e-17,True
645D,LINE,CENTER,CENTER,,2.168392707311233e-17,True
645E,LINE,CENTER,CENTER,,1.9092599500634092e-17,True
645F,LINE,CENTER,CENTER,,4.04285166831594e-17,True
6460,LINE,CENTER,CENTER,,4.04285166831594e-17,True
6461,LINE,CENTER,CENTER,,3.978933673026219e-17,True
6462,LINE,CENTER,CENTER,,3.978933673026219e-17,True
6463,LINE,CENTER,CENTER,,3.396940895479494e-17,True
6464,LINE,CENTER,CENTER,,4.98841042750731e-17,True
6465,LINE,CENTER,CENTER,,4.98841042750731e-17,True
6466,LINE,CENTER,CENTER,,4.235774904111647e-17,True
6467,LINE,CENTER,CENTER,,1.3226843648675152e-17,True
6468,LINE,CENTER,CENTER,,1.8344933528230213e-17,True
6469,LINE,CENTER,CENTER,,2.1248791091032814e-17,True
646A,LINE,CENTER,CENTER,,4.5675407458357633e-17,True
646B,LINE,CENTER,CENTER,,4.5675407458357633e-17,True
646C,LINE,CENTER,CENTER,,7.747699377093142e-18,True
646D,LINE,CENTER,CENTER,,1.2498478261511082e-17,True
646E,POLYLINE,P3,P3,"flags,smooth_type",4.0,False
660C,LINE,TEMP,TEMP,,8.2258470891921e-28,True
660D,LINE,TEMP,TEMP,,4.2785408406836325e-17,True
660E,LINE,TEMP,TEMP,,2.6866415541579276e-17,True
660F,LINE,TEMP,TEMP,,9.094947017729282e-13,True
6610,LINE,TEMP,TEMP,,3.3829936559104704e-17,True
6611,LINE,TEMP,TEMP,,9.094947017729282e-13,True
6612,LINE,TEMP,TEMP,,9.094947017729282e-13,True
6613,LINE,TEMP,TEMP,,2.4874464711373083e-17,True
6614,LINE,TEMP,TEMP,,1.1368683772161603e-12,True
6615,LINE,TEMP,TEMP,,1.4429183184277147e-17,True
6616,LINE,TEMP,TEMP,,9.094947017729282e-13,True
6617,LINE,TEMP,TEMP,,4.6267168914791246e-17,True
6618,LINE,TEMP,TEMP,,2.3384655029585387e-17,True
6619,LINE,P3,P3,,2.841292082444432e-17,True
661A,LINE,P3,P3,,2.841292082444432e-17,True
661B,LINE,TEMP,TEMP,,0.0,True
661C,POLYLINE,P3,P3,"flags,smooth_type",4.0,False
67BA,POLYLINE,P3,P3,"flags,smooth_type",4.0,False
6958,LINE,21,21,,0.0,True
6959,LINE,22,22,,1.0913936421275139e-11,True
695A,LINE,23,23,,9.094947017729282e-13,True
695B,LINE,P3,P3,,2.8412920824545294e-17,True
695C,LINE,CENTER,CENTER,,0.0,True
695D,LINE,CENTER,CENTER,,2.841292082444432e-17,True
695E,LINE,CENTER,CENTER,,1.2498478261511082e-17,True
695F,LINE,CENTER,CENTER,,7.747699378102884e-18,True
6960,LINE,CENTER,CENTER,,4.567540745825666e-17,True
6961,LINE,CENTER,CENTER,,4.567540745825666e-17,True
6962,LINE,CENTER,CENTER,,2.1248791091032814e-17,True
6963,LINE,CENTER,CENTER,,1.834493352812924e-17,True
6964,LINE,CENTER,CENTER,,1.3226843648574178e-17,True
6965,LINE,CENTER,CENTER,,4.235774904232816e-17,True
6966,LINE,CENTER,CENTER,,4.98841042750731e-17,True
6967,LINE,CENTER,CENTER,,4.98841042750731e-17,True
6968,LINE,CENTER,CENTER,,3.396940895479494e-17,True
6969,LINE,CENTER,CENTER,,3.978933673026219e-17,True
696A,LINE,CENTER,CENTER,,3.978933673026219e-17,True
696B,LINE,CENTER,CENTER,,4.0428516683967194e-17,True
696C,LINE,CENTER,CENTER,,4.0428516683967194e-17,True
696D,LINE,CENTER,CENTER,,1.9092599500533118e-17,True
696E,LINE,CENTER,CENTER,,2.168392707210259e-17,True
696F,LINE,CENTER,CENTER,,2.168392707210259e-17,True
6970,LINE,CENTER,CENTER,,3.408036675052089e-17,True
6971,LINE,CENTER,CENTER,,3.408036675052089e-17,True
6972,LINE,CENTER,CENTER,,9.09778519685126e-18,True
6973,LINE,CENTER,CENTER,,2.3119544919575978e-17,True
6974,LINE,CENTER,CENTER,,2.6878526945826815e-17,True
6975,LINE,CENTER,CENTER,,4.5597293460662865e-17,True
6976,LINE,CENTER,CENTER,,4.829523627453938e-17,True
6977,LINE,CENTER,CENTER,,4.829523627453938e-17,True
6978,LINE,CENTER,CENTER,,2.6118916243847394e-17,True
6979,LINE,CENTER,CENTER,,3.456244106636942e-17,True
697A,LINE,CENTER,CENTER,,3.456244106636942e-17,True
697B,LINE,CENTER,CENTER,,1.6345024195744147e-17,True
697C,LINE,CENTER,CENTER,,4.273414622774352e-17,True
697D,LINE,CENTER,CENTER,,4.273414622774352e-17,True
697E,LINE,CENTER,CENTER,,3.474257825894195e-17,True
697F,LINE,CENTER,CENTER,,3.474257825894195e-17,True
6980,LINE,CENTER,CENTER,,4.5559845398940295e-17,True
6981,LINE,CENTER,CENTER,,4.686148155001767e-17,True
6982,LINE,CENTER,CENTER,,4.686148155001767e-17,True
6983,LINE,CENTER,CENTER,,2.6259991503216026e-17,True
6984,LINE,CENTER,CENTER,,2.6259991503216026e-17,True
6985,LINE,CENTER,CENTER,,3.405947755092975e-17,True
6986,LINE,CENTER,CENTER,,3.405947755092975e-17,True
6987,LINE,CENTER,CENTER,,4.9838586838071444e-17,True
6988,LINE,CENTER,CENTER,,4.9838586838071444e-17,True
6989,LINE,CENTER,CENTER,,1.8556063287411343e-18,True
698A,LINE,CENTER,CENTER,,2.8761250479105076e-17,True
698B,LINE,CENTER,CENTER,,3.541373423611644e-17,True
698C,ARC,TEMP,TEMP,,1.7094304040033253e-17,True
698D,LINE,P1,P1,,0.0,True
698E,LINE,P1,P1,,9.094947017729282e-12,True
698F,LINE,P1,P1,,0.0,True
6990,LINE,HELP,HELP,,0.0,True
6991,LINE,11,11,,1.3642420526593924e-12,True
6992,LINE,P1,P1,,0.0,True
6993,LINE,P1,P1,,9.094947017729282e-13,True
6994,LINE,P1,P1,,1.3642420526593924e-12,True
6995,LINE,P1,P1,,9.094947017729282e-12,True
6996,LINE,P1,P1,,0.0,True
6997,LINE,P1,P1,,9.094947017729282e-13,True
6998,LINE,P1,P1,,9.094947017729282e-13,True
6999,LINE,P1,P1,,1.1368683772161603e-12,True
699A,LINE,HELP,HELP,,9.094947017729282e-13,True
699B,LINE,P1,P1,,9.094947017729282e-13,True
699C,LINE,P1,P1,,1.3642420526593924e-12,True
699D,LINE,P1,P1,,4.6261594487491856e-17,True
699E,LINE,P1,P1,,9.094947017729282e-13,True
699F,LINE,P3,P3,,0.0,True
69A0,LINE,P3,P3,,0.0,True
69A1,LINE,P1,P1,,0.0,True
69A2,ARC,13,13,,1.7094304040134227e-17,True
69A3,ARC,P3,P3,,0.0,True
69A4,ARC,P3,P3,,0.0,True
69A5,ARC,P3,P3,,0.0,True
69A6,ARC,P3,P3,,0.0,True
69A7,ARC,P3,P3,,0.0,True
69A8,ARC,TEMP,TEMP,,0.0,True
69A9,LINE,TEMP,TEMP,,0.0,True
69AA,LINE,TEMP,TEMP,,0.0,True
69AB,LINE,P1,P1,,0.0,True
69AC,LINE,HELP,HELP,,0.0,True
69AD,LINE,HELP,HELP,,0.0,True
69AE,LINE,HELP,HELP,,0.0,True
69AF,LINE,HELP,HELP,,0.0,True
69B0,LINE,HELP,HELP,,9.094947017729282e-13,True
69B1,LINE,HELP,HELP,,0.0,True
69B2,LINE,HELP,HELP,,0.0,True
69B3,LINE,HELP,HELP,,1.1368683772161603e-12,True
69B4,LINE,HELP,HELP,,0.0,True
69B5,LINE,HELP,HELP,,9.094947017729282e-13,True
69B6,LINE,TEMP,TEMP,,1.0231815394945443e-12,True
69B7,LINE,TEMP,TEMP,,0.0,True
69B8,ARC,TEMP,TEMP,,1.8189894035458565e-12,True
69B9,ARC,TEMP,TEMP,,1.0913936421275139e-11,True
69BA,ARC,TEMP,TEMP,,1.0913936421275139e-11,True
69BB,ARC,TEMP,TEMP,,1.8189894035458565e-12,True
69BC,ARC,TEMP,TEMP,,1.8189894035458565e-12,True
69BD,POLYLINE,P3,P3,"flags,smooth_type",4.0,False
6B5B,LINE,P3,P3,,9.094947017729282e-13,True
6B5C,LINE,CENTER,CENTER,,2.738594275122003e-17,True
6B5D,LINE,CENTER,CENTER,,2.6878526945826815e-17,True
6B5E,LINE,P5,P5,,9.094947017729282e-13,True
6B5F,LINE,P5,P5,,0.0,True
6B60,POLYLINE,3,3,"flags,smooth_type",4.0,False
6D31,LINE,P1,P1,,4.6261594487491856e-17,True
6D32,LINE,P1,P1,,9.094947017729282e-13,True
6D33,LINE,P3,P3,,9.094947017729282e-13,True
6D34,LINE,P1,P1,,9.094947017729282e-13,True
6D35,LINE,P1,P1,,0.0,True
6D36,LINE,CENTER,CENTER,,2.5274427591066207e-17,True
6D37,LINE,CENTER,CENTER,,9.094947017729282e-13,True
6D38,LINE,CENTER,CENTER,,9.094947017729282e-13,True
6D39,LINE,CENTER,CENTER,,0.0,True
6D3A,LINE,CENTER,CENTER,,9.094947017729282e-13,True
6D3B,LINE,CENTER,CENTER,,0.0,True
6D3C,LINE,13,13,,9.094947017729282e-12,True
6D3D,LINE,P3,P3,,9.094947017729282e-13,True
6D3E,LINE,P3,P3,,0.0,True
6D3F,LINE,P3,P3,,0.0,True
6D40,LINE,P3,P3,,1.0913936421275139e-11,True
6D41,POLYLINE,P3,P3,"flags,smooth_type",4.0,False
6EDF,LINE,HELP,HELP,,1.0913936421275139e-11,True
6EE0,LINE,P3,P3,,1.3642420526593924e-12,True
6EE1,LINE,P3,P3,,0.0,True
6EE2,LINE,P3,P3,,0.0,True
6EE3,LINE,P3,P3,,1.3642420526593924e-12,True
6EE4,LINE,P3,P3,,1.3642420526593924e-12,True
6EE5,LINE,P3,P3,,0.0,True
6EE6,LINE,CENTER,CENTER,,9.094947017729282e-12,True
6EE7,LINE,CENTER,CENTER,,9.094947017729282e-12,True
6EE8,LINE,P5,P5,,9.094947017729282e-12,True
6EE9,LINE,P5,P5,,0.0,True
6EEA,LINE,P5,P5,,9.094947017729282e-12,True
6EEB,ARC,P3,P3,,1.0913936421275139e-11,True
6EEC,LINE,P3,P3,,0.0,True
6EED,LINE,3,3,,9.094947017729282e-13,True
6EEE,ARC,P5,P5,,1.0913936421275139e-11,True
6EEF,ARC,P3,P3,,9.094947017729282e-13,True
6EF0,LINE,P3,P3,,1.0913936421275139e-11,True
6EF1,LINE,CENTER,CENTER,,5.487917720087456e-18,True
6EF2,ARC,P3,P3,,1.0913936421275139e-11,True
6EF3,ARC,P3,P3,,1.3322676295501878e-15,True
6EF4,LINE,HELP,HELP,,0.0,True
6EF5,LWPOLYLINE,TEMP,TEMP,,1.0913936421275139e-11,True
6F08,LINE,P3,P3,,0.0,True
6F09,LINE,10,10,,9.094947017729282e-13,True
6F0A,LINE,9,9,,0.0,True
6F0B,LINE,8,8,,1.1368683772161603e-12,True
6F0C,LINE,7,7,,0.0,True
6F0D,LINE,6,6,,9.094947017729282e-13,True
6F0E,LINE,5,5,,1.1368683772161603e-12,True
6F0F,LINE,P3,P3,,4.52362425337674e-29,True
6F10,LINE,P3,P3,,0.0,True
6F11,LINE,P3,P3,,1.3642420526593924e-12,True
6F12,LINE,P3,P3,,0.0,True
6F13,LINE,P3,P3,,9.094947017729282e-12,True
6F14,LINE,P3,P3,,0.0,True
6F15,LINE,P3,P3,,0.0,True
6F16,LINE,P3,P3,,0.0,True
6F17,LINE,P3,P3,,0.0,True
6F18,LINE,P3,P3,,9.094947017729282e-13,True
6F19,LINE,P3,P3,,0.0,True
6F1A,LINE,P3,P3,,1.1368683772161603e-12,True
6F1B,LINE,P3,P3,,0.0,True
6F1C,LINE,P3,P3,,9.094947017729282e-12,True
6F1D,LINE,P3,P3,,0.0,True
6F1E,LINE,P3,P3,,1.3642420526593924e-12,True
6F1F,LINE,P3,P3,,0.0,True
6F20,LINE,P3,P3,,0.0,True
6F21,LINE,P3,P3,,0.0,True
6F22,LINE,P3,P3,,0.0,True
6F23,LINE,P3,P3,,0.0,True
6F24,ARC,P3,P3,,9.094947017729282e-12,True
6F25,LINE,P3,P3,,9.094947017729282e-12,True
6F26,ARC,P3,P3,,0.0,True
6F27,LINE,P3,P3,,0.0,True
6F28,ARC,P3,P3,,1.3642420526593924e-12,True
6F29,ARC,P3,P3,,9.094947017729282e-12,True
6F2A,LINE,P1,P1,,0.0,True
6F2B,ARC,P3,P3,,1.0913936421275139e-11,True
6F2C,LINE,P3,P3,,9.094947017729282e-12,True
6F2D,LINE,P3,P3,,0.0,True
6F2E,LINE,P3,P3,,1.0913936421275139e-11,True
6F2F,LINE,P3,P3,,1.1368683772161603e-12,True
6F30,LINE,P3,P3,,0.0,True
6F31,LINE,P1,P1,,0.0,True
6F32,LINE,P3,P3,,9.094947017729282e-13,True
6F33,LINE,13,13,,9.094947017729282e-12,True
6F34,LINE,13,13,,0.0,True
6F35,LINE,P3,P3,,0.0,True
6F36,LINE,P3,P3,,0.0,True
6F37,LINE,CENTER,CENTER,,9.094947017729282e-12,True
6F38,ARC,P3,P3,,9.094947017729282e-12,True
6F39,ARC,P3,P3,,1.8189894035458565e-12,True
6F3A,LINE,P3,P3,,9.094947017729282e-12,True
6F3B,LINE,P3,P3,,9.094947017729282e-12,True
6F3C,LWPOLYLINE,P1,P1,,1.1368683772161603e-12,True
6F50,LWPOLYLINE,P1,P1,,1.0913936421275139e-11,True
6F63,LINE,P3,P3,,0.0,True
6F64,LINE,P3,P3,,0.0,True
6F65,ARC,P3,P3,,0.0,True
6F66,ARC,P3,P3,,2.2250193167506765e-17,True
6F67,LINE,P3,P3,,0.0,True
6F68,LINE,P3,P3,,0.0,True
6F69,ARC,P3,P3,,2.2250193167506765e-17,True
6F6A,LINE,P3,P3,,0.0,True
6F6B,LINE,P1,P1,,0.0,True
6F6C,LINE,P3,P3,,9.094947017729282e-13,True
6F6D,LINE,P3,P3,,0.0,True
6F6E,LINE,P3,P3,,0.0,True
6F6F,LINE,P3,P3,,0.0,True
6F70,LINE,P3,P3,,0.0,True
6F71,LINE,P3,P3,,0.0,True
6F72,LINE,CENTER,CENTER,,3.948683515189118e-17,True
6F73,LINE,CENTER,CENTER,,3.948683515067949e-17,True
6F74,LINE,P5,P5,,0.0,True
6F75,ARC,P3,P3,,0.0,True
6F76,LINE,CENTER,CENTER,,1.2641874677576576e-18,True
6F77,LINE,CENTER,CENTER,,3.541373423611644e-17,True
6F78,INSERT,AME_FRZ,AME_FRZ,,0.0,True
6F79,INSERT,AME_FRZ,AME_FRZ,,0.0,True
6F7A,INSERT,AME_FRZ,AME_FRZ,,0.0,True
6F7B,INSERT,AME_FRZ,AME_FRZ,,0.0,True
6F7C,INSERT,AME_FRZ,AME_FRZ,,0.0,True
6F7D,LINE,CENTER,CENTER,,2.8420019205804593e-17,True
6F7E,LINE,HELP,HELP,,0.0,True
6F7F,ARC,P3,P3,,9.094947017729282e-13,True
6F80,LINE,P3,P3,,1.0913936421275139e-11,True
6F81,ARC,P3,P3,,1.3642420526593924e-12,True
6F82,ARC,P3,P3,,8.881784197001252e-16,True
6F83,LINE,CENTER,CENTER,,1.0913936421275139e-11,True
6F84,LINE,CENTER,CENTER,,1.0913936421275139e-11,True
6F85,LINE,CENTER,CENTER,,1.3642420526593924e-12,True
6F86,LINE,CENTER,CENTER,,1.3642420526593924e-12,True
6F87,ARC,P3,P3,,9.094947017729282e-13,True
6F88,ARC,P3,P3,,9.094947017729282e-13,True
6F89,LINE,P3,P3,,1.1368683772161603e-12,True
6F8A,LINE,CENTER,CENTER,,3.2282632382639313e-19,True
6F8B,LINE,CENTER,CENTER,,9.094947017729282e-13,True
6F8C,LINE,P3,P3,,9.094947017729282e-13,True
6F8D,LINE,P3,P3,,1.1368683772161603e-12,True
6F8E,ARC,P3,P3,,9.094947017729282e-13,True
6F8F,LINE,P3,P3,,9.094947017729282e-13,True
6F90,LINE,P3,P3,,1.0913936421275139e-11,True
6F91,LINE,P3,P3,,1.0913936421275139e-11,True
6F92,LWPOLYLINE,P3,P3,,1.1368683772161603e-12,True
6F96,LWPOLYLINE,P3,P3,,1.0913936421275139e-11,True
6F9A,LINE,CENTER,CENTER,,9.094947017729282e-13,True
6F9B,LINE,CENTER,CENTER,,0.0,True
6F9C,LINE,P3,P3,,0.0,True
6F9D,LINE,P3,P3,,0.0,True
6F9E,LINE,P3,P3,,1.0913936421275139e-11,True
6F9F,LINE,P3,P3,,1.1368683772161603e-12,True
6FA0,LINE,P3,P3,,7.275957614183426e-12,True
6FA1,LINE,3,3,,3.2282632382639313e-19,True
6FA2,LINE,P3,P3,,7.275957614183426e-12,True
6FA3,LINE,7,7,,0.0,True
6FA4,LINE,P3,P3,,1.0913936421275139e-11,True
6FA5,LINE,P3,P3,,0.0,True
6FA6,LINE,P1,P1,,7.275957614183426e-12,True
6FA7,LINE,P1,P1,,0.0,True
6FA8,LINE,P1,P1,,9.094947017729282e-13,True
6FA9,LINE,P3,P3,,0.0,True
6FAA,LINE,P1,P1,,0.0,True
6FAB,LINE,P3,P3,,9.094947017729282e-12,True
6FAC,LINE,P1,P1,,1.0913936421275139e-11,True
6FAD,LINE,P3,P3,,9.094947017729282e-12,True
6FAE,LINE,P1,P1,,7.275957614183426e-12,True
6FAF,LINE,P1,P1,,9.094947017729282e-13,True
6FB0,LINE,P1,P1,,9.094947017729282e-13,True
6FB1,LINE,P1,P1,,3.948683515067949e-17,True
6FB2,LINE,P1,P1,,2.64911353589719e-17,True
6FB3,LINE,P1,P1,,2.64911353589719e-17,True
6FB4,ARC,P3,P3,,1.0913936421275139e-11,True
6FB5,LINE,P1,P1,,1.3642420526593924e-12,True
6FB6,LINE,P1,P1,,0.0,True
6FB7,LINE,P1,P1,,9.094947017729282e-13,True
6FB8,LINE,P1,P1,,1.1368683772161603e-12,True
6FB9,LINE,P1,P1,,9.094947017729282e-12,True
6FBA,LINE,P1,P1,,1.1368683772161603e-12,True
6FBB,LINE,P1,P1,,9.094947017729282e-13,True
6FBC,POLYLINE,P1,P1,vertices,3915.213409155521,False
6FC9,POLYLINE,P1,P1,vertices,3299.211679193337,False
6FD6,LINE,P1,P1,,9.094947017729282e-13,True
6FD7,LINE,P1,P1,,9.094947017729282e-13,True
6FD8,LWPOLYLINE,P3,P3,,1.0913936421275139e-11,True
6FF0,LWPOLYLINE,P3,P3,,9.094947017729282e-12,True
6FF6,LWPOLYLINE,P3,P3,,9.094947017729282e-12,True
6FFE,LINE,P1,P1,,1.3642420526593924e-12,True
6FFF,LINE,P1,P1,,0.0,True
7000,LINE,P1,P1,,9.094947017729282e-13,True
7001,LINE,P1,P1,,0.0,True
7002,LINE,P1,P1,,9.094947017729282e-13,True
7003,LINE,P1,P1,,0.0,True
7004,LWPOLYLINE,P1,P1,,1.1368683772161603e-12,True
700B,POLYLINE,P1,P1,,1.1368683772161603e-12,True
7013,LINE,P1,P1,,1.1368683772161603e-12,True
7014,ARC,P1,P1,,9.094947017729282e-12,True
7015,ARC,P1,P1,,9.094947017729282e-13,True
7016,LINE,CENTER,CENTER,,0.0,True
7017,LINE,P3,P3,,4.9668572715360346e-17,True
7018,LINE,P3,P3,,0.0,True
7019,LINE,P1,P1,,0.0,True
701A,LINE,P3,P3,,8.824571138241857e-18,True
701B,LINE,CENTER,CENTER,,1.0913936421275139e-11,True
701C,LINE,P3,P3,,9.094947017729282e-13,True
701D,LINE,P3,P3,,0.0,True
701E,LINE,CENTER,CENTER,,3.948683515189118e-17,True
701F,LINE,P3,P3,,1.1368683772161603e-12,True
7020,LINE,P3,P3,,1.0913936421275139e-11,True
7021,LINE,P3,P3,,5.435482127120409e-18,True
7022,ARC,P3,P3,,1.1368683772161603e-13,True
7023,LINE,P3,P3,,1.3642420526593924e-12,True
7024,LINE,P3,P3,,9.094947017729282e-13,True
7025,ARC,P3,P3,,1.4210854715202004e-14,True
7026,LINE,P3,P3,,9.094947017729282e-13,True
7027,LINE,P3,P3,,1.0913936421275139e-11,True
7028,ARC,P3,P3,,9.094947017729282e-12,True
7029,LINE,P3,P3,,8.824571139237991e-18,True
702A,LINE,P3,P3,,9.094947017729282e-13,True
702B,LINE,P3,P3,,9.094947017729282e-13,True
702C,LINE,P3,P3,,0.0,True
702D,LINE,P3,P3,,1.0913936421275139e-11,True
702E,LINE,P3,P3,,9.094947017729282e-13,True
702F,LINE,P3,P3,,1.1368683772161603e-12,True
7030,LINE,P3,P3,,1.0913936421275139e-11,True
7031,LINE,P3,P3,,0.0,True
7032,ARC,P3,P3,,9.094947017729282e-13,True
7033,LINE,P3,P3,,9.094947017729282e-13,True
7034,LINE,P3,P3,,1.0913936421275139e-11,True
7035,LINE,P3,P3,,0.0,True
7036,LINE,3,3,,0.0,True
7037,LINE,P3,P3,,9.094947017729282e-12,True
7038,LINE,P3,P3,,0.0,True
7039,LINE,P3,P3,,0.0,True
703A,ARC,P3,P3,,9.094947017729282e-12,True
703B,LINE,P3,P3,,0.0,True
703C,LINE,P3,P3,,0.0,True
703D,LINE,P3,P3,,9.094947017729282e-13,True
703E,LINE,P3,P3,,0.0,True
703F,LINE,P3,P3,,1.1368683772161603e-12,True
7040,LINE,P5,P5,,0.0,True
7041,ARC,P3,P3,,9.094947017729282e-12,True
7042,LINE,P3,P3,,9.094947017729282e-13,True
7043,LINE,P3,P3,,9.094947017729282e-12,True
7044,LINE,P3,P3,,9.094947017729282e-13,True
7045,LINE,P3,P3,,9.094947017729282e-13,True
7046,LINE,P3,P3,,3.948683515199215e-17,True
7047,LINE,P3,P3,,4.966857271535877e-17,True
7048,ARC,P1,P1,,9.094947017729282e-12,True
7049,ARC,P1,P1,,9.094947017729282e-13,True
704A,LINE,P1,P1,,0.0,True
704B,LWPOLYLINE,P3,P3,,9.094947017729282e-12,True
7051,LINE,P1,P1,,9.094947017729282e-13,True
7052,LINE,P1,P1,,0.0,True
7053,LINE,P3,P3,,1.0913936421275139e-11,True
7054,LINE,P3,P3,,0.0,True
7055,LINE,HELP,HELP,,0.0,True
7056,LINE,P5,P5,,0.0,True
7057,LINE,P3,P3,,0.0,True
7058,LINE,P3,P3,,0.0,True
7059,LINE,P3,P3,,0.0,True
705A,LINE,P3,P3,,0.0,True
705B,LINE,P3,P3,,1.3642420526593924e-12,True
705C,LINE,P3,P3,,0.0,True
705D,LINE,P3,P3,,9.094947017729282e-13,True
705E,LINE,P3,P3,,9.094947017729282e-13,True
705F,LINE,P3,P3,,0.0,True
7060,LINE,P3,P3,,0.0,True
7061,LINE,P3,P3,,9.094947017729282e-13,True
7062,LINE,P3,P3,,0.0,True
7063,LINE,P3,P3,,0.0,True
7064,LINE,P3,P3,,0.0,True
7065,LINE,P3,P3,,0.0,True
7066,LINE,P3,P3,,0.0,True
7067,LINE,P3,P3,,0.0,True
7068,LINE,P3,P3,,1.3642420526593924e-12,True
7069,LINE,P3,P3,,0.0,True
706A,LINE,P3,P3,,0.0,True
706B,LWPOLYLINE,TEMP,TEMP,,1.0913936421275139e-11,True
707E,LINE,HELP,HELP,,1.1368683772161603e-12,True
707F,LINE,P5,P5,,9.094947017729282e-13,True
7080,LINE,P5,P5,,0.0,True
7081,LINE,P3,P3,,0.0,True
7082,LINE,HELP,HELP,,1.0913936421275139e-11,True
7083,POLYLINE,P3,P3,"flags,smooth_type",4.0,False
7221,LINE,CENTER,CENTER,,0.0,True
7222,LINE,CENTER,CENTER,,9.094947017729282e-13,True
7223,LINE,CENTER,CENTER,,0.0,True
7224,LINE,CENTER,CENTER,,9.094947017729282e-13,True
7225,LINE,CENTER,CENTER,,9.094947017729282e-13,True
7226,LINE,CENTER,CENTER,,2.5274427591066207e-17,True
7227,LINE,P1,P1,,9.094947017729282e-13,True
7228,LINE,P3,P3,,9.094947017729282e-13,True
7229,LINE,P1,P1,,9.094947017729282e-13,True
722A,LINE,3,3,,9.094947017729282e-13,True
722B,LINE,P1,P1,,4.626159448739088e-17,True
722C,POLYLINE,3,3,"flags,smooth_type",4.0,False
73FD,ARC,TEMP,TEMP,,1.8189894035458565e-12,True
73FE,ARC,TEMP,TEMP,,1.8189894035458565e-12,True
73FF,ARC,TEMP,TEMP,,1.0913936421275139e-11,True
7400,ARC,TEMP,TEMP,,1.0913936421275139e-11,True
7401,ARC,TEMP,TEMP,,1.8189894035458565e-12,True
7402,LINE,TEMP,TEMP,,0.0,True
7403,LINE,TEMP,TEMP,,0.0,True
7404,LINE,TEMP,TEMP,,0.0,True
7405,LINE,HELP,HELP,,1.1368683772161603e-12,True
7406,LINE,HELP,HELP,,0.0,True
7407,LINE,HELP,HELP,,0.0,True
7408,LINE,HELP,HELP,,0.0,True
7409,LINE,HELP,HELP,,0.0,True
740A,LINE,HELP,HELP,,9.094947017729282e-13,True
740B,LINE,HELP,HELP,,0.0,True
740C,LINE,HELP,HELP,,0.0,True
740D,LINE,HELP,HELP,,0.0,True
740E,LINE,HELP,HELP,,0.0,True
740F,LINE,TEMP,TEMP,,0.0,True
7410,LINE,TEMP,TEMP,,9.094947017729282e-13,True
7411,ARC,TEMP,TEMP,,0.0,True
7412,LINE,P1,P1,,1.3642420526593924e-12,True
7413,LINE,HELP,HELP,,9.094947017729282e-13,True
7414,LINE,P3,P3,,0.0,True
7415,LINE,P1,P1,,9.094947017729282e-13,True
7416,LINE,P1,P1,,9.094947017729282e-13,True
7417,LINE,P1,P1,,0.0,True
7418,LINE,P1,P1,,9.094947017729282e-13,True
7419,LINE,P1,P1,,9.094947017729282e-12,True
741A,LINE,P1,P1,,1.3642420526593924e-12,True
741B,LINE,P1,P1,,0.0,True
741C,LINE,P1,P1,,9.094947017729282e-13,True
741D,LINE,HELP,HELP,,0.0,True
741E,LINE,P1,P1,,0.0,True
741F,LINE,P1,P1,,9.094947017729282e-12,True
7420,LINE,P1,P1,,9.094947017729282e-13,True
7421,LINE,HELP,HELP,,1.1368683772161603e-12,True
7422,LINE,HELP,HELP,,9.094947017729282e-13,True
7423,LINE,23,23,,9.094947017729282e-13,True
7424,LINE,22,22,,1.0913936421275139e-11,True
7425,POLYLINE,P3,P3,"flags,smooth_type",4.0,False
75C3,LINE,HELP,HELP,,1.3642420526593924e-12,True
75C4,LINE,P3,P3,,2.8412920824545294e-17,True
75C5,LINE,TEMP,TEMP,,5.473711338968907e-18,True
75C6,LINE,TEMP,TEMP,,3.58218873893109e-17,True
75C7,LINE,TEMP,TEMP,,3.382993655829691e-17,True
75C8,LINE,TEMP,TEMP,,9.094947017729282e-13,True
75C9,LINE,TEMP,TEMP,,2.686641554238707e-17,True
75CA,LINE,TEMP,TEMP,,4.278540840602853e-17,True
75CB,LINE,HELP,HELP,,0.0,True
75CC,LINE,HELP,HELP,,0.0,True
75CD,POLYLINE,28,28,"flags,smooth_type",4.0,False
776B,POLYLINE,HELP,HELP,,1.1368683772161603e-13,True
7776,POLYLINE,P5,P5,,1.3642420526593924e-12,True
777E,TEXT,HELP,HELP,align_point,inf,False
777F,LINE,HELP,HELP,,0.0,True
7780,LINE,HELP,HELP,,0.0,True
7781,LINE,HELP,HELP,,0.0,True
7782,LINE,HELP,HELP,,1.1368683772161603e-12,True
7783,LINE,HELP,HELP,,0.0,True
7784,LINE,HELP,HELP,,9.094947017729282e-13,True
7785,LINE,HELP,HELP,,0.0,True
7786,LINE,HELP,HELP,,9.094947017729282e-13,True
7787,LINE,HELP,HELP,,0.0,True
7788,LINE,HELP,HELP,,1.3642420526593924e-12,True
7789,LINE,HELP,HELP,,0.0,True
778A,LINE,HELP,HELP,,9.094947017729282e-13,True
778B,LINE,HELP,HELP,,1.3642420526593924e-12,True
778C,LINE,HELP,HELP,,0.0,True
778D,LINE,HELP,HELP,,1.3642420526593924e-12,True
778E,LINE,HELP,HELP,,0.0,True
778F,LINE,HELP,HELP,,0.0,True
7790,LINE,HELP,HELP,,1.3642420526593924e-12,True
7791,LINE,HELP,HELP,,0.0,True
7792,LINE,HELP,HELP,,0.0,True
7793,LINE,HELP,HELP,,0.0,True
7794,LINE,HELP,HELP,,0.0,True
7795,LINE,HELP,HELP,,0.0,True
7796,LINE,HELP,HELP,,9.094947017729282e-13,True
7797,LINE,HELP,HELP,,9.094947017729282e-13,True
7798,LINE,HELP,HELP,,0.0,True
7799,LINE,HELP,HELP,,1.3642420526593924e-12,True
779A,LINE,HELP,HELP,,0.0,True
779B,LINE,HELP,HELP,,9.094947017729282e-13,True
779C,LINE,HELP,HELP,,0.0,True
779D,LINE,HELP,HELP,,1.3642420526593924e-12,True
779E,LINE,HELP,HELP,,9.094947017729282e-13,True
779F,LINE,HELP,HELP,,0.0,True
77A0,LINE,HELP,HELP,,0.0,True
77A1,LINE,HELP,HELP,,9.094947017729282e-13,True
77A2,LINE,HELP,HELP,,0.0,True
77A3,LINE,HELP,HELP,,0.0,True
77A4,LINE,HELP,HELP,,0.0,True
77A5,LINE,HELP,HELP,,9.094947017729282e-13,True
77A6,LINE,HELP,HELP,,0.0,True
77A7,LINE,HELP,HELP,,0.0,True
77A8,LINE,HELP,HELP,,0.0,True
77A9,LINE,HELP,HELP,,9.094947017729282e-13,True
77AA,LINE,HELP,HELP,,0.0,True
77AB,LINE,HELP,HELP,,0.0,True
77AC,LINE,HELP,HELP,,0.0,True
77AD,LINE,HELP,HELP,,0.0,True
77AE,LINE,HELP,HELP,,0.0,True
77AF,LINE,HELP,HELP,,0.0,True
77B0,ARC,P3,P3,,9.094947017729282e-13,True
77B1,ARC,P3,P3,,9.094947017729282e-13,True
77B2,ARC,P3,P3,,9.094947017729282e-13,True
77B3,ARC,P3,P3,,9.094947017729282e-13,True
77B4,LINE,P3,P3,,0.0,True
77B5,LINE,P3,P3,,9.094947017729282e-13,True
77B6,LINE,P3,P3,,0.0,True
77B7,LINE,P3,P3,,0.0,True
77B8,LINE,P1,P1,,0.0,True
77B9,LINE,P3,P3,,0.0,True
77BA,LINE,P3,P3,,0.0,True
77BB,LINE,P3,P3,,0.0,True
77BC,LINE,10,10,,1.1368683772161603e-12,True
77BD,LINE,P1,P1,,0.0,True
77BE,LINE,P3,P3,,0.0,True
77BF,ARC,P3,P3,,9.094947017729282e-13,True
77C0,LINE,P3,P3,,0.0,True
77C1,LINE,P3,P3,,0.0,True
77C2,POLYLINE,P3,P3,"flags,smooth_type",4.0,False
7960,LINE,11,11,,9.094947017729282e-13,True
7961,LINE,P3,P3,,3.275654610170657e-17,True
7962,LINE,P3,P3,,0.0,True
7963,ARC,P3,P3,,1.0913936421275139e-11,True
7964,LINE,CENTER,CENTER,,8.824571138740023e-18,True
7965,LWPOLYLINE,P3,P3,,0.0,True
7969,LINE,P3,P3,,9.094947017729282e-12,True
796A,LWPOLYLINE,P1,P1,,1.3642420526593924e-12,True
7972,LWPOLYLINE,P1,P1,,9.094947017729282e-13,True
797A,LINE,P1,P1,,9.094947017729282e-13,True
797B,LINE,P1,P1,,9.094947017729282e-13,True
797C,LINE,P1,P1,,9.094947017729282e-13,True
797D,LINE,P1,P1,,0.0,True
797E,LINE,P1,P1,,9.094947017729282e-12,True
797F,LINE,P1,P1,,9.094947017729282e-13,True
7980,TEXT,P5,P5,,1.3642420526593924e-12,True
7981,TEXT,P5,P5,,0.0,True
7982,TEXT,P5,P5,,1.3642420526593924e-12,True
7983,TEXT,P5,P5,,0.0,True
7984,TEXT,P5,P5,,9.094947017729282e-13,True
7985,TEXT,P5,P5,,0.0,True
7986,TEXT,P5,P5,,9.094947017729282e-13,True
7987,TEXT,P5,P5,,0.0,True
7988,TEXT,P5,P5,,1.1368683772161603e-12,True
7989,TEXT,P5,P5,align_point,inf,False
798A,TEXT,P5,P5,,0.0,True
798B,TEXT,P5,P5,,0.0,True
798C,TEXT,P5,P5,,0.0,True
798D,TEXT,P5,P5,,0.0,True
798E,LINE,P1,P1,,1.3642420526593924e-12,True
798F,LINE,P1,P1,,9.094947017729282e-13,True
7990,LINE,P1,P1,,9.094947017729282e-13,True
7991,LINE,P1,P1,,9.094947017729282e-13,True
7992,LINE,P1,P1,,0.0,True
7993,TEXT,P5,P5,,0.0,True
7994,TEXT,P5,P5,align_point,inf,False
7995,TEXT,P5,P5,align_point,inf,False
7996,LINE,P1,P1,,9.094947017729282e-13,True
7997,LINE,P1,P1,,1.3642420526593924e-12,True
7998,LINE,P1,P1,,0.0,True
7999,TEXT,P5,P5,,0.0,True
799A,TEXT,P5,P5,,1.3642420526593924e-12,True
799B,TEXT,P5,P5,,9.094947017729282e-13,True
799C,TEXT,P5,P5,,0.0,True
799D,TEXT,P5,P5,,0.0,True
799E,TEXT,P5,P5,,0.0,True
799F,TEXT,P5,P5,,0.0,True
79A0,LINE,P1,P1,,1.1368683772161603e-12,True
79A1,LINE,P1,P1,,0.0,True
79A2,LINE,P1,P1,,1.1368683772161603e-12,True
79A3,LINE,P1,P1,,1.1368683772161603e-12,True
79A4,LINE,P1,P1,,0.0,True
79A5,TEXT,P5,P5,align_point,inf,False
79A6,LINE,P1,P1,,0.0,True
79A7,LINE,P1,P1,,0.0,True
79A8,LINE,P1,P1,,0.0,True
79A9,LINE,P1,P1,,0.0,True
79AA,LINE,P1,P1,,9.094947017729282e-13,True
79AB,LINE,P1,P1,,9.094947017729282e-13,True
79AC,TEXT,P5,P5,align_point,inf,False
79AD,TEXT,P5,P5,align_point,inf,False
79AE,LINE,P1,P1,,0.0,True
79AF,LINE,P1,P1,,0.0,True
79B0,LINE,P1,P1,,1.7094304040134227e-17,True
79B1,LINE,P1,P1,,0.0,True
79B2,TEXT,P5,P5,align_point,inf,False
79B3,TEXT,P5,P5,align_point,inf,False
79B4,LINE,P1,P1,,9.094947017729282e-13,True
79B5,LINE,P1,P1,,9.094947017729282e-13,True
79B6,LINE,P1,P1,,0.0,True
79B7,TEXT,P5,P5,align_point,inf,False
79B8,TEXT,P5,P5,align_point,inf,False
79B9,LINE,P1,P1,,0.0,True
79BA,LINE,P1,P1,,0.0,True
79BB,LINE,P1,P1,,0.0,True
79BC,LINE,P1,P1,,0.0,True
79BD,LINE,P1,P1,,0.0,True
79BE,LINE,P1,P1,,0.0,True
79BF,LINE,P1,P1,,1.3642420526593924e-12,True
79C0,LINE,P1,P1,,1.3642420526593924e-12,True
79C1,LINE,P1,P1,,0.0,True
79C2,LINE,P1,P1,,9.094947017729282e-13,True
79C3,LINE,P1,P1,,0.0,True
79C4,LINE,P1,P1,,0.0,True
79C5,TEXT,P5,P5,align_point,inf,False
79C6,TEXT,P5,P5,align_point,inf,False
79C7,TEXT,P5,P5,align_point,inf,False
79C8,TEXT,P5,P5,align_point,inf,False
79C9,TEXT,P5,P5,align_point,inf,False
79CA,TEXT,P5,P5,align_point,inf,False
79CB,TEXT,P5,P5,align_point,inf,False
79CC,TEXT,P5,P5,align_point,inf,False
79CD,TEXT,P5,P5,align_point,inf,False
79CE,TEXT,P5,P5,align_point,inf,False
79CF,TEXT,P5,P5,align_point,inf,False
79D0,TEXT,P5,P5,align_point,inf,False
79D1,TEXT,P5,P5,align_point,inf,False
79D2,TEXT,P5,P5,align_point,inf,False
79D3,TEXT,P5,P5,align_point,inf,False
79D4,TEXT,P5,P5,align_point,inf,False
79D5,TEXT,P5,P5,align_point,inf,False
79D6,TEXT,P5,P5,align_point,inf,False
79D7,TEXT,P5,P5,align_point,inf,False
79D8,TEXT,P5,P5,align_point,inf,False
79D9,LINE,P5,P5,,0.0,True
79DA,TEXT,P5,P5,align_point,inf,False
79DB,TEXT,P5,P5,align_point,inf,False
79DC,TEXT,P5,P5,align_point,inf,False
79DD,TEXT,P5,P5,align_point,inf,False
79DE,TEXT,P5,P5,align_point,inf,False
79DF,TEXT,P5,P5,align_point,inf,False
79E0,TEXT,P5,P5,align_point,inf,False
79E1,TEXT,P5,P5,align_point,inf,False
79E2,TEXT,P5,P5,align_point,inf,False
79E3,TEXT,P5,P5,align_point,inf,False
79E4,TEXT,P5,P5,align_point,inf,False
79E5,TEXT,P5,P5,align_point,inf,False
79E6,LWPOLYLINE,P5,P5,,0.0,True
79EA,LWPOLYLINE,P5,P5,,9.094947017729282e-13,True
79EE,LWPOLYLINE,P5,P5,,0.0,True
79F2,LWPOLYLINE,P5,P5,,0.0,True
79F6,LWPOLYLINE,P5,P5,,0.0,True
79FA,LWPOLYLINE,P5,P5,,9.094947017729282e-13,True
79FE,LWPOLYLINE,P5,P5,,0.0,True
7A02,LWPOLYLINE,P5,P5,,0.0,True
7A06,LWPOLYLINE,P5,P5,,0.0,True
7A0A,LWPOLYLINE,P5,P5,,0.0,True
7A0E,LWPOLYLINE,P5,P5,,0.0,True
7A12,LWPOLYLINE,P5,P5,,9.094947017729282e-13,True
7A16,LWPOLYLINE,P5,P5,,9.094947017729282e-13,True
7A1A,LWPOLYLINE,P5,P5,,0.0,True
7A1E,LWPOLYLINE,P5,P5,,0.0,True
7A22,LWPOLYLINE,P5,P5,,0.0,True
7A26,LWPOLYLINE,P5,P5,,0.0,True
7A2A,LWPOLYLINE,P5,P5,,0.0,True
7A2E,TEXT,P5,P5,align_point,inf,False
7A2F,TEXT,P5,P5,align_point,inf,False
7A30,TEXT,P5,P5,align_point,inf,False
7A31,TEXT,P5,P5,align_point,inf,False
7A32,TEXT,P5,P5,align_point,inf,False
7A33,TEXT,P5,P5,align_point,inf,False
7A34,LWPOLYLINE,P5,P5,,9.094947017729282e-13,True
7A38,LWPOLYLINE,P5,P5,,1.3642420526593924e-12,True
7A3C,LWPOLYLINE,P5,P5,,0.0,True
7A40,LWPOLYLINE,P5,P5,,9.094947017729282e-13,True
7A44,TEXT,P5,P5,align_point,inf,False
7A45,TEXT,P5,P5,align_point,inf,False
7A46,TEXT,P5,P5,align_point,inf,False
7A47,TEXT,P5,P5,align_point,inf,False
7A48,LINE,P5,P5,,9.094947017729282e-13,True
7A49,LINE,P5,P5,,0.0,True
7A4A,LINE,P5,P5,,0.0,True
7A4B,LINE,P5,P5,,0.0,True
7A4C,LINE,P5,P5,,9.094947017729282e-13,True
7A4D,LINE,P5,P5,,0.0,True
7A4E,LINE,P5,P5,,0.0,True
7A4F,LINE,P5,P5,,0.0,True
7A50,LINE,P5,P5,,0.0,True
7A51,LINE,P5,P5,,0.0,True
7A52,LINE,P5,P5,,0.0,True
7A53,LINE,P5,P5,,1.3642420526593924e-12,True
7A54,TEXT,P5,P5,align_point,inf,False
7A55,TEXT,P5,P5,align_point,inf,False
7A56,TEXT,P5,P5,align_point,inf,False
7A57,TEXT,P5,P5,align_point,inf,False
7A58,TEXT,P5,P5,align_point,inf,False
7A59,TEXT,P5,P5,align_point,inf,False
7A5A,LINE,P5,P5,,0.0,True
7A5B,LINE,P5,P5,,0.0,True
7A5C,LINE,P5,P5,,0.0,True
7A5D,LINE,P5,P5,,9.094947017729282e-13,True
7A5E,LINE,P5,P5,,0.0,True
7A5F,LINE,CENTER,CENTER,,0.0,True
7A60,LINE,CENTER,CENTER,,0.0,True
7A61,LINE,CENTER,CENTER,,0.0,True
7A62,LINE,CENTER,CENTER,,0.0,True
7A63,LINE,CENTER,CENTER,,0.0,True
7A64,LINE,CENTER,CENTER,,0.0,True
7A65,LINE,CENTER,CENTER,,0.0,True
7A66,LINE,CENTER,CENTER,,0.0,True
7A67,LINE,CENTER,CENTER,,0.0,True
7A68,LINE,CENTER,CENTER,,0.0,True
7A69,LINE,P3,P3,,0.0,True
7A6A,TEXT,P5,P5,align_point,inf,False
7A6B,TEXT,P5,P5,align_point,inf,False
7A6C,TEXT,P5,P5,align_point,inf,False
7A6D,TEXT,P5,P5,align_point,inf,False
7A6E,TEXT,P5,P5,align_point,inf,False
7A6F,TEXT,P5,P5,align_point,inf,False
7A70,TEXT,P5,P5,align_point,inf,False
7A71,TEXT,P5,P5,align_point,inf,False
7A72,TEXT,P5,P5,align_point,inf,False
7A73,LINE,P1,P1,,0.0,True
7A74,LINE,P1,P1,,0.0,True
7A75,LINE,P3,P3,,0.0,True
7A76,POLYLINE,7,7,,1.3642420526593924e-12,True
7A9D,POLYLINE,7,7,,1.3642420526593924e-12,True
7AB5,POLYLINE,15,15,,0.0,True
7AB9,POLYLINE,15,15,,0.0,True
7ABD,POLYLINE,HIDDEN,HIDDEN,,0.0,True
7AF2,POLYLINE,7,7,,0.0,True
7B27,POLYLINE,7,7,,1.3642420526593924e-12,True
7B68,POLYLINE,15,15,,0.0,True
7B6C,POLYLINE,15,15,,0.0,True
7B70,POLYLINE,P5,P5,,1.3642420526593924e-12,True
7BAF,POLYLINE,P5,P5,,4.163336342344337e-17,True
7BE4,POLYLINE,P5,P5,,0.0,True
7C25,TEXT,P5,P5,align_point,inf,False
7C26,LINE,P1,P1,,0.0,True
7C27,LINE,P1,P1,,0.0,True
7C28,LINE,P1,P1,,0.0,True
7C29,LINE,P1,P1,,9.094947017729282e-13,True
7C2A,LINE,P1,P1,,9.094947017729282e-13,True
7C2B,LINE,P1,P1,,0.0,True
7C2C,TEXT,P5,P5,align_point,inf,False
7C2D,TEXT,P5,P5,align_point,inf,False
7C2E,TEXT,P5,P5,align_point,inf,False
7C2F,TEXT,P5,P5,align_point,inf,False
7C30,TEXT,P5,P5,align_point,inf,False
7C31,TEXT,P5,P5,align_point,inf,False
7C32,TEXT,P5,P5,align_point,inf,False
7C33,TEXT,P5,P5,align_point,inf,False
7C34,INSERT,P5,P5,,0.0,True
7C35,LINE,P1,P1,,9.094947017729282e-13,True
7C36,LINE,P1,P1,,0.0,True
7C37,LWPOLYLINE,48,48,,0.0,True
7C4C,LWPOLYLINE,49,49,,9.094947017729282e-13,True
7C59,LINE,P1,P1,,0.0,True
7C5A,LWPOLYLINE,47,47,,1.3642420526593924e-12,True
7CA0,LINE,P1,P1,,4.163336342344337e-17,True
7CA1,LWPOLYLINE,46,46,,0.0,True
7CE6,LINE,P1,P1,,9.094947017729282e-13,True
7CE7,LINE,P1,P1,,9.094947017729282e-13,True
7CE8,LINE,P1,P1,,9.094947017729282e-13,True
7CE9,LINE,P1,P1,,9.094947017729282e-13,True
7CEA,LINE,P1,P1,,9.094947017729282e-13,True
7CEB,LINE,P1,P1,,9.094947017729282e-13,True
7CEC,LINE,P1,P1,,9.094947017729282e-13,True
7CED,LINE,P1,P1,,9.094947017729282e-13,True
7CEE,LINE,P1,P1,,9.094947017729282e-13,True
7CEF,LINE,P1,P1,,9.094947017729282e-13,True
7CF0,LINE,P1,P1,,0.0,True
7CF1,LINE,P1,P1,,0.0,True
7CF2,LINE,P1,P1,,0.0,True
7CF3,LINE,P1,P1,,0.0,True
7CF4,LINE,P1,P1,,0.0,True
7CF5,LINE,P1,P1,,0.0,True
7CF6,LINE,P1,P1,,0.0,True
7CF7,LINE,P1,P1,,0.0,True
7CF8,LINE,P1,P1,,1.3642420526593924e-12,True
7CF9,LINE,P1,P1,,1.3642420526593924e-12,True
7CFA,LINE,P1,P1,,1.3642420526593924e-12,True
7CFB,LINE,P1,P1,,1.3642420526593924e-12,True
7CFC,LINE,P1,P1,,1.3642420526593924e-12,True
7CFD,LINE,P1,P1,,0.0,True
7CFE,LINE,P1,P1,,1.3642420526593924e-12,True
7CFF,LINE,P1,P1,,0.0,True
7D00,LINE,P1,P1,,0.0,True
7D01,LINE,P1,P1,,0.0,True
7D02,LINE,P1,P1,,0.0,True
7D03,LINE,P1,P1,,0.0,True
7D04,LINE,P1,P1,,0.0,True
7D05,LINE,P1,P1,,0.0,True
7D06,LINE,P1,P1,,0.0,True
7D07,LINE,P1,P1,,0.0,True
7D08,LINE,P1,P1,,0.0,True
7D09,LINE,P1,P1,,0.0,True
7D0A,LINE,P1,P1,,0.0,True
7D0B,LINE,P1,P1,,0.0,True
7D0C,LINE,P1,P1,,0.0,True
7D0D,LINE,CENTER,CENTER,,0.0,True
7D0E,LINE,CENTER,CENTER,,0.0,True
7D0F,LINE,CENTER,CENTER,,1.3642420526593924e-12,True
7D10,LINE,CENTER,CENTER,,0.0,True
7D11,LINE,P1,P1,,9.094947017729282e-13,True
7D12,LINE,P1,P1,,9.094947017729282e-13,True
7D13,LINE,P1,P1,,9.094947017729282e-13,True
7D14,LINE,P1,P1,,9.094947017729282e-13,True
7D15,LINE,P3,P3,,9.094947017729282e-13,True
7D16,TEXT,TXT,TXT,align_point,inf,False
7D17,TEXT,TXT,TXT,align_point,inf,False
7D18,TEXT,TXT,TXT,align_point,inf,False
7D19,TEXT,TXT,TXT,align_point,inf,False
7D1A,TEXT,TXT,TXT,,0.0,True
7D1B,TEXT,TXT,TXT,,0.0,True
7D1C,TEXT,TXT,TXT,,0.0,True
7D1D,INSERT,P1,P1,,0.0,True
7D1E,TEXT,TXT,TXT,align_point,inf,False
7D1F,TEXT,TXT,TXT,align_point,inf,False
7D20,TEXT,TXT,TXT,align_point,inf,False
7D21,TEXT,TXT,TXT,align_point,inf,False
7D22,TEXT,TXT,TXT,,0.0,True
7D23,TEXT,TXT,TXT,,0.0,True
7D24,TEXT,TXT,TXT,,0.0,True
7D25,INSERT,P1,P1,,0.0,True
7D26,TEXT,TXT,TXT,align_point,inf,False
7D27,TEXT,TXT,TXT,align_point,inf,False
7D28,TEXT,TXT,TXT,align_point,inf,False
7D29,TEXT,TXT,TXT,align_point,inf,False
7D2A,TEXT,TXT,TXT,,0.0,True
7D2B,TEXT,TXT,TXT,,0.0,True
7D2C,TEXT,TXT,TXT,,0.0,True
7D2D,INSERT,P1,P1,,0.0,True
7D2E,TEXT,TXT,TXT,align_point,inf,False
7D2F,TEXT,TXT,TXT,align_point,inf,False
7D30,TEXT,TXT,TXT,align_point,inf,False
7D31,TEXT,TXT,TXT,align_point,inf,False
7D32,TEXT,TXT,TXT,,9.094947017729282e-13,True
7D33,TEXT,TXT,TXT,,9.094947017729282e-13,True
7D34,TEXT,TXT,TXT,,9.094947017729282e-13,True
7D35,INSERT,P1,P1,,0.0,True
7D36,TEXT,TXT,TXT,align_point,inf,False
7D37,TEXT,TXT,TXT,align_point,inf,False
7D38,TEXT,TXT,TXT,align_point,inf,False
7D39,TEXT,TXT,TXT,align_point,inf,False
7D3A,TEXT,TXT,TXT,,9.094947017729282e-13,True
7D3B,TEXT,TXT,TXT,,9.094947017729282e-13,True
7D3C,TEXT,TXT,TXT,,9.094947017729282e-13,True
7D3D,INSERT,P1,P1,,0.0,True
