candidate_id;me_id;category;manufacturer;model;qty;unit;currency;listed_price;tax_basis;tax_rate;net_unit_price;price_url;spec_url;length_mm;width_mm;height_mm;mass_kg;technical_status;scope_notes;availability;access_date;price_class;evidence_type;price_date;source_revision;eur_net_unit
PROP-E01;ME-01|ME-02|ME-03;engine_gearbox;Volvo Penta;D4-300 I + HS68A;1;package;EUR;44716;"explicit HT; historical March 2023";;44716;https://www.dbmoteurs.fr/sites/default/files/Volvo-Penta-tarifs-prix-achat-moteurs-2023-DB-Moteurs-motorisation-marine-bateau-plaisance.pdf;https://www.dbmoteurs.fr/sites/default/files/Moteur-Volvo-Penta-D4-270-300-320-fiche-commerciale-2021-47711815-en.pdf;;;;580;HISTORICAL_NET_REFERENCE|RFQ_REQUIRED|DUTY_OPEN;"300 metric hp crank / 289 prop shaft at3500rpm; R5; 24V option official but quoted configuration unspecified; HS68A ratio selection open; dimensions for HS85A must not be substituted; ME-03 partial only factory mounts where included: shaft/coupling/thrust unit quantities and price OPEN";2026 availability unknown;2026-09-11;HISTORICAL_NOT_CURRENT;PUBLIC_PRICE_NOT_KP;2023-03;deliverables/M02/v001/01_support/all-candidates.csv;44716.00
PROP-E02;ME-01|ME-02|ME-03;engine_gearbox;Volvo Penta;D4-300 I + HS85A;1;package;EUR;45977;"explicit HT; historical March 2023";;45977;https://www.dbmoteurs.fr/sites/default/files/Volvo-Penta-tarifs-prix-achat-moteurs-2023-DB-Moteurs-motorisation-marine-bateau-plaisance.pdf;https://www.dbmoteurs.fr/sites/default/files/Moteur-Volvo-Penta-D4-270-300-320-fiche-commerciale-2021-47711815-en.pdf;1234;848;794;605;HISTORICAL_NET_REFERENCE|RFQ_REQUIRED|DUTY_OPEN;"300 metric hp crank / 289 prop shaft; 3500rpm R5; 24V option price open; ratio2.500. L=433+801 W=441+407 H=274+520 from drawing; excludes projecting lifting eye/service space; not installation GA; ME-03 partial only factory mounts where included: shaft/coupling/thrust unit quantities and price OPEN";2026 availability unknown;2026-09-11;HISTORICAL_NOT_CURRENT;PUBLIC_PRICE_NOT_KP;2023-03;deliverables/M02/v001/01_support/all-candidates.csv;45977.00
PROP-E03;ME-01|ME-02|ME-03;engine_gearbox;Volvo Penta;D6-300 I + HS85A;1;package;EUR;50146;"explicit HT; historical March 2023";;50146;https://www.dbmoteurs.fr/sites/default/files/Volvo-Penta-tarifs-prix-achat-moteurs-2023-DB-Moteurs-motorisation-marine-bateau-plaisance.pdf;https://www.dbmoteurs.fr/sites/default/files/Moteur-Volvo-Penta-D6-300-340-380-fiche-commerciale-brochure-2021-47711891-fr-dbmoteurs.pdf;1470;848;794;690;HISTORICAL_NET_REFERENCE|RFQ_REQUIRED|DUTY_OPEN;"300 metric hp crank /289 prop shaft;3300rpm. 24V option price open; L=433+1037 W=441+407 H=274+520 drawing dimensions not installation/service envelope; lifting eye extends above dimension; ME-03 partial only factory mounts where included: shaft/coupling/thrust unit quantities and price OPEN";2026 availability unknown;2026-09-11;HISTORICAL_NOT_CURRENT;PUBLIC_PRICE_NOT_KP;2023-03;deliverables/M02/v001/01_support/all-candidates.csv;50146.00
PROP-E04;ME-01|ME-02|ME-03;engine_gearbox;FPT Industrial;C90 410 rating D 300hp + gearbox RFQ;1;package;EUR;;RFQ_REQUIRED;;;https://www.etruck.fi/shop-1;https://www.fptindustrial.com/-/media/FPT/Brochures/Engines/MARINE/COMMERCIAL/Marine_Commercial_FR_2026.pdf?rev=-1;1289;861;973;950;RFQ_REQUIRED|INCOMPLETE_PACKAGE|DUTY_COMPARISON_OPEN;"Official2026 220kW300hp@2000rpm ratingD heavy duty; gearbox unselected/unpriced; shown dimensions length to flywheel and mass ENGINE ONLY; not complete package envelope;24V option RFQ; ME-03 partial only factory mounts where included: shaft/coupling/thrust unit quantities and price OPEN";No exact300hp package price found;2026-09-11;NO_VERIFIED_NET;PUBLIC_PRICE_NOT_KP;UNKNOWN;deliverables/M02/v001/01_support/all-candidates.csv;
PROP-G01;ME-04|ME-19;generator;Fischer Panda;Panda12000x PMS;2;package;GBP;16830;explicit inc vat/ex vat pair;20;14025;https://www.jpcdirect.com/product/fischer-panda-12000x-generator/;https://www.onefischerpanda.com/marine/marine-generators/xseries-generators/panda-12000x-pms/;705;450;590;195;CONDITIONAL_START_VOLTAGE|AC_COMPATIBILITY_OPEN|RATING_OPEN|UK_REFERENCE;"12kVA10.2kW nominal; Manel continuous10.8kVA9.2kW;50Hz230V +/-3V;12V starter;capsule included spec; verify exactJPCSKU/manufacturer0024660 and installation accessories; UK import/logistics not included; ME-19 partial factory cooling only: external seawater/exhaust runs and installation OPEN; JPC revision conflict H565 / additional700x470x580 and192kg vs OEM705x450x590/195kg: exactSKU CAD RFQ; OEM values retained";"Available on back-order; qty2 and lead time RFQ";2026-09-11;OBSERVED_NET_CONDITIONAL_SCOPE;PUBLIC_PRICE_NOT_KP;UNKNOWN;deliverables/M02/v001/01_support/all-candidates.csv;16324.27
PROP-G02;ME-04|ME-19;generator;Kohler / Rehlko;12EFKOZD;2;package;GBP;18484.56;explicit inc vat/ex vat pair;20;15403.8;https://www.jpcdirect.com/product/kohler-12-kilowatt-generator/;https://techcomm.rehlko.com/techcomm/pdf/g2186.pdf;1064;652.5;711;385;CONDITIONAL_CONFIGURATION|AC_COMPATIBILITY_OPEN|RATING_OPEN|UK_REFERENCE;"Singlephase115/230V50Hz:12kW12kVA continuous140C rise;11/11continuous115C;10.5/10.5prime. Official12or24V; JPC exactstarter/shield revision RFQ. Official shield mass385dry398wet; dealer406kg conflict. No borrowing US24V price scope; ME-19 partial factory cooling only: external seawater/exhaust runs and installation OPEN";Available on back-order;2026-09-11;OBSERVED_NET_CONDITIONAL_SCOPE;PUBLIC_PRICE_NOT_KP;UNKNOWN;deliverables/M02/v001/01_support/all-candidates.csv;17929.12
PROP-G03;ME-04|ME-19;generator;Volpi Tecno Energia;Paguro12000V AP12023050M0;2;package;EUR;14935.8;"direct page12446.50 +IVA; gross14935.80 labelled SK20% locale";20;12446.5;https://www.manelservice.com/it/gruppi-elettrogeni-marini/3925-vte-paguro-12000-v-ap12023050m0.html;https://www.volpitecno.com/portfolio/paguro-12000-v-10-kw-2000-%C3%B7-3000-g-1/;770;460;620;180;CONDITIONAL_START_VOLTAGE|AC_COMPATIBILITY_OPEN|REVISION_OPEN;"12kVA10kW continuous50Hz230V;12V starter;mass165capsule+15control electronics. Official dimensions capsule only; separate electronics footprint RFQ. Dealer/allpa dimensions/mass differ; exact SKU installationdrawing required. Published net directly not Polish VAT assumption; ME-19 partial factory cooling only: external seawater/exhaust runs and installation OPEN";"Manel Disponibile; qty2 and delivery date RFQ";2026-09-11;OBSERVED_NET_CONDITIONAL_SCOPE;PUBLIC_PRICE_NOT_KP;UNKNOWN;deliverables/M02/v001/01_support/all-candidates.csv;12446.50
PROP-G04;ME-04|ME-19;generator;Kohler / Rehlko;12EFKOZD24-SS;2;package;USD;20165.6;not stated;;;https://mmarineonline.com/products/kohler-marine-diesel-generator-24v-12efkozd-ss-50hz-with-sound-shield;https://techcomm.rehlko.com/techcomm/pdf/g2186.pdf;1064;652.5;711;385;NO_NET|US_REFERENCE_ONLY|AC_COMPATIBILITY_OPEN|RATING_OPEN;"Alternative offer for G02 not fourthgenerator;24V plus shield explicitlySKU; tax/import/Poland availability unknown; price originalUSD noFX; ME-19 partial factory cooling only: external seawater/exhaust runs and installation OPEN";"Contradictory availability template; RFQ";2026-09-11;NO_VERIFIED_NET;PUBLIC_PRICE_NOT_KP;UNKNOWN;deliverables/M02/v001/01_support/all-candidates.csv;
EL-INV-A;ME-05;inverter_charger;Victron;MultiPlus-II 24/3000/70-32 PMP242305010;2;pcs;EUR;879.95;GROSS_RATE_CONFIRMED;19;739.45;https://www.svb.de/de/victron-wechselrichter-ladegeraet-multiplus-ii-24-v-3000-va-70-a.html;https://www.victronenergy.com/media/pg/MultiPlus-II_230V/en/technical-specifications-mp-ii-230v.html;141;268;499;19;CONDITIONAL_3KVA_REFERENCE;"24 V input; factory 230 V. 3000 VA not 3000 W: 2400 W at25C/2200 W at40C; charger70 A. 2 devices architecture target, capacity unapproved.";"1 listed in stock; second unconfirmed";2026-09-11;OBSERVED_NET_CONDITIONAL_SCOPE;PUBLIC_PRICE_NOT_KP;UNKNOWN;deliverables/M02/v001/01_support/all-candidates.csv;739.45
EL-INV-B;ME-05;inverter_charger;Victron;MultiPlus-II GX 24/3000/70-32 PMP242306000;2;pcs;EUR;999.95;GROSS_RATE_CONFIRMED;19;840.29;https://www.svb.de/de/victron-wechselrichter-ladegeraet-multiplus-ii-gx-24-v-3000-va-70-a.html;https://www.victronenergy.com/media/pg/MultiPlus-II_GX/en/technical-specifications-mp-ii-gx-230v.html;147;275;506;20;CONDITIONAL_3KVA_REFERENCE;"24 V; factory230 V;2400 W at25C/2200 W at40C;70 A. GX monitoring differs; two GX units not required by yacht specification. Current manual geometry differs from catalogue: confirm revision.";expected1-2weeks;2026-09-11;OBSERVED_NET_CONDITIONAL_SCOPE;PUBLIC_PRICE_NOT_KP;UNKNOWN;deliverables/M02/v001/01_support/all-candidates.csv;840.29
EL-INV-C;ME-05;inverter_charger;Mastervolt;CombiMaster 24/3000-60 230V 35023000;2;pcs;EUR;1599.96;GROSS_RATE_CONFIRMED;19;1344.50;https://www.svb.de/de/mastervolt-wechselrichter-ladegeraet-combimaster-24-v-3000-va-60-a.html?question_sort=oldest;https://www.mastervolt.com/products/combimaster/combimaster-24-3000-60-230-v/;155;284;448;9.3;CONDITIONAL_3KVA_NOT_EQUAL_W;"24 V; factory230 V;3000 VA/2600 W at40C;60 A charger;25 A transfer versus32 A Victron. Parallel operation not qualified.";"1 listed in stock; second unconfirmed";2026-09-11;OBSERVED_NET_CONDITIONAL_SCOPE;PUBLIC_PRICE_NOT_KP;UNKNOWN;deliverables/M02/v001/01_support/all-candidates.csv;1344.50
EL-ISO-A;ME-09;isolation_transformer;Victron;3600 ITR040362042;;pcs;EUR;436.93;NET_EXPLICIT;;436.93;https://www.svb24.com/en/p/victron-isolation-transformer-3600-w-115-230-v.html;https://www.victronenergy.com/upload/documents/Datasheet-Isolation-Transformers-EN.pdf;221;258;362;21.7;CONDITIONAL_UNIT_BENCHMARK_DIMENSIONS_DEALER;"3.6 class; quantity and shore capacity unknown. Dimensions/mass from opened dealer data pending native drawing confirmation; no substitute of32A at115V for32A at230V.";expected1-2weeks;2026-09-11;OBSERVED_NET_CONDITIONAL_SCOPE;PUBLIC_PRICE_NOT_KP;UNKNOWN;deliverables/M02/v001/01_support/all-candidates.csv;436.93
EL-ISO-B;ME-09;isolation_transformer;Mastervolt;Mass GI3.5 88000355;;pcs;EUR;1008.36;NET_EXPLICIT;;1008.36;https://www.svb24.com/en/mastervolt-mass-gi-3-5-isolation-transformer-16-a-3-5-kw.html;https://www.mastervolt.com/products/mass-gi/mass-gi-35-kva-16a-lightweight/;144;261;340;6;CONDITIONAL_UNIT_BENCHMARK;"3500 VA at230 V;16 A;HF technology;source IP23 supersedes dealer IP21. Not complete shore protection.";1 listed in stock;2026-09-11;OBSERVED_NET_CONDITIONAL_SCOPE;PUBLIC_PRICE_NOT_KP;UNKNOWN;deliverables/M02/v001/01_support/all-candidates.csv;1008.36
EL-ISO-C;ME-09;isolation_transformer;WhisperPower;GI3600 60110102;;pcs;EUR;1885.00;GROSS_RATE_UNCONFIRMED;;;https://www.hansenautic.de/36377/wp-gi-compact-galvanic-isolation-transformator-230v-16a-120v-32a/;https://www.whisperpower.com/gi-3600-compact-galvanic-isolation-transformer;208;290;380;28.6;CONDITIONAL_NET_PENDING_TAX;"3.6 kVA;230/110 V;16/32 A. Open page confirms VAT included but not rate: NET deliberately blank.";availability on request;2026-09-11;NO_VERIFIED_NET;PUBLIC_PRICE_NOT_KP;UNKNOWN;deliverables/M02/v001/01_support/all-candidates.csv;
EL-BAT-A;ME-08;service_battery;Exide;ER550 12V115Ah;6;pcs;EUR;166.89;GROSS_RATE_CONFIRMED;19;140.24;https://online-batterien.de/a/exide-er550-dual-versorgungsbatterie-starterbatterie-12v-115ah-550wh/400440;https://www.exidegroup.com/en/document/ml-brochure-2022;349;175;235;28;CONDITIONAL_115AH12V_NOT_OWNER_APPROVED;"Flooded. Owner only said115 amperes; Ah and unit voltage unconfirmed. 6 physical units; no bank wiring/capacity inferred. Deposit extra. Dealer350mm/29kg differs from brochure.";not in stock;2026-09-11;OBSERVED_NET_CONDITIONAL_SCOPE;PUBLIC_PRICE_NOT_KP;UNKNOWN;deliverables/M02/v001/01_support/all-candidates.csv;140.24
EL-BAT-B;ME-08;service_battery;Aquamot;ALS12115 12V115Ah;6;pcs;EUR;319.00;GROSS_RATE_CONFIRMED;19;268.07;https://www.nothnagel-marine.de/product_info.php?info=p3857_aquamot---power-battery--dc-battery-als12115-12v-115ah-agm-deep-cycle-battery.html&language=en;https://aquamot.at/wp-content/uploads/2018/02/Die-Batterie-Aquamot.pdf;331;176;220;33.7;CONDITIONAL_115AH12V_NOT_OWNER_APPROVED;"AGM dealer description; legacy manufacturer sheet includes GEL construction wording, chemistry/revision confirmation needed. Body height214mm total220mm; dealer header6.4kg rejected in favour33.7kg technical sheet.";"3-7days; abroad may vary";2026-09-11;OBSERVED_NET_CONDITIONAL_SCOPE;PUBLIC_PRICE_NOT_KP;UNKNOWN;deliverables/M02/v001/01_support/all-candidates.csv;268.07
EL-BAT-C;ME-08;service_battery;Victron;AGM Telecom115Ah M8 BAT412105164;6;pcs;EUR;329.95;GROSS_RATE_CONFIRMED;21;272.69;https://ab-marineservice.com/product/12v-115ah-agm-telecom-batt-m8/;https://www.victronenergy.com/upload/documents/Datasheet-Telecom-batteries-EN.pdf;395;110;293;35;CONDITIONAL_115AH12V_NOT_OWNER_APPROVED;"12 V AGM front terminal;6 units only if owner confirms115Ah12V. No12V housebus inferred. Open page21% supersedes search19%.";backorder3-5workingdays;2026-09-11;OBSERVED_NET_CONDITIONAL_SCOPE;PUBLIC_PRICE_NOT_KP;UNKNOWN;deliverables/M02/v001/01_support/all-candidates.csv;272.69
EL-DIST-A;ME-10;dc_distribution_module;Victron;Lynx Distributor M8 LYN060102000;;pcs;EUR;182.75;NET_EXPLICIT;;182.75;https://www.dynastart.nl/lyn060102000-lynx-distributor-m8;https://www.victronenergy.com/media/pg/Lynx_Distributor/en/technical-specifications-lynx-distributor.html;170;80;290;2.2;CONDITIONAL_UNIT_BENCHMARK;"Supports24 V;1000 A product rating not yacht demand; four fuse ways, fuses/monitor supply and full installation separate. Source axis hxlxw=290x170x80; check drawing for orientation.";in stock;2026-09-11;OBSERVED_NET_CONDITIONAL_SCOPE;PUBLIC_PRICE_NOT_KP;UNKNOWN;deliverables/M02/v001/01_support/all-candidates.csv;182.75
EL-DIST-B;ME-10;dc_distribution_panel;Philippi;STV207 020002071;;pcs;EUR;214.24;NET_EXPLICIT;;214.24;https://www.svb24.com/en/philippi-stv207-power-distribution-panel-configurable.html;https://www.philippi-online.de/en/collections/serie_200-marine/products/stv-207;70;105;210;;CONDITIONAL_UNIT_BENCHMARK;"24 V compatible seven-circuit unit benchmark;10 A standard breakers not approved circuit ratings. DC accessory socket not permission for12V loads on24V. Mass not published. Not complete yacht switchboard.";2 listed in stock;2026-09-11;OBSERVED_NET_CONDITIONAL_SCOPE;PUBLIC_PRICE_NOT_KP;UNKNOWN;deliverables/M02/v001/01_support/all-candidates.csv;214.24
EL-DIST-C;ME-10;ac_shore_distribution_panel;Philippi;LAE113 010001130;;pcs;EUR;331.89;NET_EXPLICIT;;331.89;https://www.svb24.com/en/philippi-lae-113-shore-connection-unit.html;https://www.philippi-online.de/en/products/lae-113;100;260;185;;CONDITIONAL_UNIT_BENCHMARK;"Factory230 V50Hz panel benchmark for220VAC target;16A/30mA RCBO and3two-pole10A circuits per official description. Not full multi-source AC switchboard; mass unknown.";2 listed in stock;2026-09-11;OBSERVED_NET_CONDITIONAL_SCOPE;PUBLIC_PRICE_NOT_KP;UNKNOWN;deliverables/M02/v001/01_support/all-candidates.csv;331.89
EL-REM-A;ME-28;remote_battery_switch;Blue Sea;ML-RBS7702 24V;;pcs;EUR;239.45;NET_EXPLICIT;;239.45;https://www.svb24.com/en/blue-sea-hd-remote-battery-switch-24v.html;https://www.bluesea.com/products/7702/ML-RBS_Remote_Battery_Switch_with_Manual_Control_-_24V_DC_500A;;;;0.95;CONDITIONAL_UNIT_BENCHMARK;"Manual override;24V coil;500A continuous product rating. Quantity, control failover, crank duty and24V live switching not qualified; dimensions drawing pending.";9 listed in stock;2026-09-11;OBSERVED_NET_CONDITIONAL_SCOPE;PUBLIC_PRICE_NOT_KP;UNKNOWN;deliverables/M02/v001/01_support/all-candidates.csv;239.45
EL-REM-B;ME-28;remote_solenoid;Blue Sea;7703 24V;;pcs;EUR;226.85;NET_EXPLICIT;;226.85;https://www.svb24.com/en/blue-sea-universal-solenoid-switch-24-v.html;https://d2pyqm2yd3fw2i.cloudfront.net/files/resources/instructions/990180170-006.pdf;;;;;CONDITIONAL_UNIT_BENCHMARK;"Solenoid unit benchmark without manual override of7702; not automatic equivalent. Physical dimensions/mass unverified. No assertion reserve-start scheme works.";2 listed in stock;2026-09-11;OBSERVED_NET_CONDITIONAL_SCOPE;PUBLIC_PRICE_NOT_KP;UNKNOWN;deliverables/M02/v001/01_support/all-candidates.csv;226.85
EL-OPEN-PUMP;ME-06;independent_ac_pump_channel;;UNSIZED;1;function;;;UNKNOWN;;;;;;;;;OPEN_LOAD_AND_STARTUP;"1 independent function, not necessarily extra inverter. Select after pump running power/start waveform/duty; avoid double counting ME05.";NOT_CONFIRMED;2026-09-11;NO_VERIFIED_NET;PUBLIC_PRICE_NOT_KP;UNKNOWN;deliverables/M02/v001/01_support/all-candidates.csv;
EL-OPEN-MAIN;ME-07;engine_start_battery;;UNSIZED;1;pcs;;;UNKNOWN;;;;;;;;;OPEN_START_VOLTAGE_CCA;1 physical owner battery, capacity/voltage/chemistry unknown. Not automatically ER550 or service115Ah.;NOT_CONFIRMED;2026-09-11;NO_VERIFIED_NET;PUBLIC_PRICE_NOT_KP;UNKNOWN;deliverables/M02/v001/01_support/all-candidates.csv;
EL-OPEN-GEN;ME-27;generator_start_battery;;UNSIZED;2;pcs;;;UNKNOWN;;;;;;;;;OPEN_START_VOLTAGE_CCA;"2 physical owner batteries for2generators; capacity/voltage/CCA unknown; keep9total with6service+1main. No fictitious unit price.";NOT_CONFIRMED;2026-09-11;NO_VERIFIED_NET;PUBLIC_PRICE_NOT_KP;UNKNOWN;deliverables/M02/v001/01_support/all-candidates.csv;
WC-RO-01;ME-13;RO150;Aquatec;AC150 230V single phase;1;шт;EUR;7539;EXPLICIT_NET_AND_19_PERCENT_GROSS;19;6335.29;https://www.aquatec-watermaker.de/wassermacher-produkt-ac150-ac240.html;https://www.aquatec-watermaker.de/wassermacher-produkt-ac150-ac240.html;;;;;"FUNCTION_PARITY_OPEN;220V_COMPATIBILITY_OPEN";"150 L/h nominal ±10% at25C/35000ppm; modular conventional HP pump; base price only: automatic flush/salinity/reject parity must be itemised; generator minimum4kW manufacturer target, not electrical demand or selection";NOT_CONFIRMED;2026-09-11;OBSERVED_NET_CONDITIONAL_SCOPE;PUBLIC_PRICE_NOT_KP;UNKNOWN;deliverables/M02/v001/01_support/all-candidates.csv;6335.29
WC-RO-02;ME-13;RO150;Schenker;ZEN150 24V/230V Touch plus salinity/reject;1;шт;EUR;12820.2;FROM_GROSS_EXPLICIT_20_PERCENT;20;10683.5;https://mar-nautic.com/schenker-watermaker-zen-150;https://schenkerwatermakers.com/wp-content/uploads/2025/03/ZEN150_datasheet_v4.pdf;;;;;"FROM_PRICE_NOT_CONFIGURED;RFQ_REQUIRED";"Observed FROM base price; net is FROM benchmark only, NOT complete Touch/salinity/reject price. Nominal150L/h. Manufacturer230V±15% includes220V. Basic has no salinity; Touch optional; 24V variant permitted. Modular unit dimensions not total installed envelope.";"Out of stock; order lead time on request";2026-09-11;FROM_INCOMPLETE_CONFIGURATION;PUBLIC_PRICE_NOT_KP;UNKNOWN;deliverables/M02/v001/01_support/all-candidates.csv;10683.50
WC-RO-03;ME-13;RO150;Osmosea;NEW12 150C 24V;1;шт;EUR;;;;;https://www.manelservice.com/en/marine-desalination-systems/17102-osmosea-new12-150c-nautical-watermaker-150-lth.html;https://osmosea.it/en/new-12/;;;;63;"RFQ_REQUIRED;COMPACT_CANDIDATE";"Official150L/h/600W; flush/salinometer/unsafe-water discard included. Official63kg conflicts dealer65kg; dimensions dealer796x317x408 not official therefore blank. Dealer install/service kits included vs manufacturer optional: reconcile";NOT_CONFIRMED;2026-09-11;NO_VERIFIED_NET;PUBLIC_PRICE_NOT_KP;UNKNOWN;deliverables/M02/v001/01_support/all-candidates.csv;
WC-DC-01;ME-11;FRESHWATER_24V;CEM;OSC-16.062.24 / OEM identity reconcile;1;шт;EUR;1229.9;EXPLICIT_HT;;1024.92;https://www.comptoirnautique.com/groupe-d-eau-a-pressostat/53022-cem-elettromeccanica-autoclave-cem-vase-expansion-inox-20l-24v-50-l-min.html;https://cempumps.com/wp-content/uploads/2024/10/Autoclavi_20L-20X.pdf;;;;;WORKING_POINT_AND_OEM_ID_OPEN;"24V20L accumulator; dealer50L/min max; source model mapping not proven. Common proposed test15L/min at2bar NOT verified. Do not add included tank again.";"Preorder; replenishment23/09/2026";2026-09-11;OBSERVED_NET_CONDITIONAL_SCOPE;PUBLIC_PRICE_NOT_KP;UNKNOWN;deliverables/M02/v001/01_support/all-candidates.csv;1024.92
WC-DC-02;ME-11;FRESHWATER_24V;Gianneschi;EcoInox1 GE011 24V20L;1;шт;EUR;1311.9;EXPLICIT_HT;;1093.25;https://www.comptoirnautique.com/groupe-d-eau-hydrophore/22947-gianneschi-groupe-d-eau-ecoinox-1-avec-reservoir-20l-24v-45lmin-7024.html;https://www.gianneschipumps.com/GIANNESCHI_Brochure-web.pdf;;;;;WORKING_POINT_OPEN;"45L/min max; common proposed15L/min at2bar needs curve. Includes20L tank/gauge/pressure switch; current OEM revision confirmation.";In stock48/72h;2026-09-11;OBSERVED_NET_CONDITIONAL_SCOPE;PUBLIC_PRICE_NOT_KP;UNKNOWN;deliverables/M02/v001/01_support/all-candidates.csv;1093.25
WC-DC-03;ME-11;FRESHWATER_24V;ENAG;GH24-0.37-24L-OT RB18-ED;1;шт;EUR;;;;;https://www.enag.fr/english/wp-content/uploads/sites/5/2022/11/FC-GH-EN-C.pdf;https://www.enag.fr/english/wp-content/uploads/sites/5/2022/11/FC-GH-EN-C.pdf;;;;29;"RFQ_REQUIRED;WORKING_POINT_OPEN";"Official24V/0.37kW; 1m3/h at30m published point; pressure switch1.5/2.5bar.24L tank differs20L competitors: standardise accumulator scope before comparison. Dimensions drawing orientation not mapped into LWH.";NOT_CONFIRMED;2026-09-11;NO_VERIFIED_NET;PUBLIC_PRICE_NOT_KP;UNKNOWN;deliverables/M02/v001/01_support/all-candidates.csv;
WC-AC-01;ME-12;FRESHWATER_AC;CEM;J-INOX/20X 230M;1;шт;EUR;;;;;https://cempumps.com/wp-content/uploads/2024/10/Autoclavi_20L-20X.pdf;https://cempumps.com/wp-content/uploads/2024/10/Autoclavi_20L-20X.pdf;;;;;"RFQ_REQUIRED;220V_COMPATIBILITY_OPEN;WORKING_POINT_OPEN";Official230V singlephase variant exists. Proposedcommon15L/min at2bar not accepted from maxflow.20L stainless tank included. No price borrowed from24V sibling.;NOT_CONFIRMED;2026-09-11;NO_VERIFIED_NET;PUBLIC_PRICE_NOT_KP;UNKNOWN;deliverables/M02/v001/01_support/all-candidates.csv;
WC-AC-02;ME-12;FRESHWATER_AC;Gianneschi;EcoInox2 GE017 230V20L;1;шт;EUR;1263;EXPLICIT_HT;;1052.5;https://www.tyboat.com/achat/P-57388-gianneschi-groupe-d-eau-ecoinox2-3-5-bars-0-45-kw-55-litres-minute-reservoir-20-litres-230-volts.html;https://www.gianneschipumps.com/GIANNESCHI_Brochure-web.pdf;;;;;"220V_COMPATIBILITY_OPEN;WORKING_POINT_OPEN";"Open page1052.50HT supersedes search992.50. Dealer max55L/min conflicts Kent45: curves required.0.45kW/20L; common15L/min at2bar not verified.";Stock1–6businessdays;2026-09-11;OBSERVED_NET_CONDITIONAL_SCOPE;PUBLIC_PRICE_NOT_KP;UNKNOWN;deliverables/M02/v001/01_support/all-candidates.csv;1052.50
WC-AC-03;ME-12;FRESHWATER_AC;ENAG;GH230mono-0.37-24L-JET M-ED;1;шт;EUR;;;;;https://www.enag.fr/english/wp-content/uploads/sites/5/2022/11/FC-GH-EN-C.pdf;https://www.enag.fr/english/wp-content/uploads/sites/5/2022/11/FC-GH-EN-C.pdf;;;;18;"RFQ_REQUIRED;220V_COMPATIBILITY_OPEN;WORKING_POINT_OPEN";"Explicit230V singlephase; official1m3/h at40m, pressure switch1.5/2.5bar.24L accumulator vs20L needs standardisation; no equivalence claim.";NOT_CONFIRMED;2026-09-11;NO_VERIFIED_NET;PUBLIC_PRICE_NOT_KP;UNKNOWN;deliverables/M02/v001/01_support/all-candidates.csv;
WC-CH-01;ME-15;CHILLER_REFERENCE_16000BTUH;Thermowell;UC16H;2;шт;EUR;4544.35;GROSS_EXPLICIT_ALV25.5;25.5;3621.0;https://www.esconet.fi/shop/uc16h-thermowell-uc16h-ilmastointilaite-chiller-230v-16000btu-27518;https://www.thermowellmarine.com/wp-content/uploads/2023/04/THERMOWELL-2023_rev1_apr_web.pdf;350;340;380;38;"REFERENCE_SIZE_ONLY;VOLTAGE_REVISION_CHECK;SUPPLY_SCOPE_CONFLICT_RFQ";"16000BTU/h each; illustrative class NOT yacht heatload. Officialcatalog220/1/50; dealer230V. Dimensions exclude controlbox. OEM catalogue says box/display included BUT priced Esco SKU requires airhandler/controlpanel separately: inclusion CONFLICT, RFQ required; do not assume included display.1.5kWnominput at catalogue conditions; independent2module integration open.";"Esco stock0; supplier availability unknown";2026-09-11;OBSERVED_NET_CONDITIONAL_SCOPE;PUBLIC_PRICE_NOT_KP;UNKNOWN;deliverables/M02/v001/01_support/all-candidates.csv;3621.00
WC-CH-02;ME-15;CHILLER_REFERENCE_16000BTUH;Climma;CWS Aquacontrol161RC 230/1/50;2;шт;EUR;4155.3;EXPLICIT_TAX_EXCLUDED;;4155.3;https://mdislandsupply.com/en/climma/879-cws-aquacontrol-161-rc-230150-climma.html;https://www.veco.net/en/prodotti/climma-cws-aquacontrol-chillers/;;;;;"REFERENCE_SIZE_ONLY;220V_COMPATIBILITY_OPEN";"16000BTU/h each; reversecycle. Price recovered live requests HTTP200 after web429; local source text retained. OEM dimensions require authenticated download; old dealerPDF not promoted.";"Last items;1–2businessdays claim";2026-09-11;OBSERVED_NET_CONDITIONAL_SCOPE;PUBLIC_PRICE_NOT_KP;UNKNOWN;deliverables/M02/v001/01_support/all-candidates.csv;4155.30
WC-CH-03;ME-15;CHILLER_REFERENCE_16000BTUH;Webasto;BlueCool C16M;2;шт;EUR;;;;;https://www.nauticsale.com/en/airconditioning/bluecool-chiller-systems/bluecool-c-series-chillers/;https://www.webasto.com/en-us/cooling/marine-chiller-air-conditioning-units/bluecool-c-series.html;385;290;350;30;"RFQ_REQUIRED;REFERENCE_SIZE_ONLY;220V_COMPATIBILITY_OPEN";"16000BTU/h each; officialcurrentdimensions. Older F-suffix dealerweight differs: revision match required.3pricepaths found no verified EU net exactSKU; no US price conversion.";NOT_CONFIRMED;2026-09-11;NO_VERIFIED_NET;PUBLIC_PRICE_NOT_KP;UNKNOWN;deliverables/M02/v001/01_support/all-candidates.csv;
WC-HW-01;ME-14;BOILER_REFERENCE_40L;Quick;B3 40L1200W FLB34012S000A00;;шт;EUR;737;EXPLICIT_HT;;614.17;https://www.tyboat.com/achat/P-8889-quick-chauffe-eau-cylindrique-b3-40-litres-220-volts-1200-watts.html;https://www.quickitaly.com/it/prodotti/scalda-acqua/scalda-acqua/nautic-boiler-b3/;;;;;"UNIT_BENCHMARK_ONLY;QTY_OPEN";"40L1200W220V plus engine heat exchanger common illustrative class; not owner size. Supplier dimensions/mass in research only pending official drawing. Thermostatic mixing equalise separately.";Stock1–6businessdays;2026-09-11;OBSERVED_NET_CONDITIONAL_SCOPE;PUBLIC_PRICE_NOT_KP;UNKNOWN;deliverables/M02/v001/01_support/all-candidates.csv;614.17
WC-HW-02;ME-14;BOILER_REFERENCE_40L;Quick;BX 40L1200W FLBX4012S000A00;;шт;EUR;829;EXPLICIT_HT;;690.83;https://www.tyboat.com/achat/P-8880-quick-chauffe-eau-cylindrique-bx-40-litres-220-volts-1200-watts.html;https://www.quickitaly.com/it/prodotti/scalda-acqua/scalda-acqua/nautic-boiler-bx/;;;;;"UNIT_BENCHMARK_ONLY;QTY_OPEN";"40L1200W220V plus engine heat exchanger common illustrative class; not owner size. Supplier dimensions/mass in research only pending official drawing. Thermostatic mixing equalise separately.";Stock1–6businessdays;2026-09-11;OBSERVED_NET_CONDITIONAL_SCOPE;PUBLIC_PRICE_NOT_KP;UNKNOWN;deliverables/M02/v001/01_support/all-candidates.csv;690.83
WC-HW-03;ME-14;BOILER_REFERENCE_40L;Quick;BXS 40L1200W FLBXS4012S00A00;;шт;EUR;909;EXPLICIT_HT;;757.5;https://www.tyboat.com/achat/P-18237-quick-chauffe-eau-cube-inox-bxs-40-litres-220-volts-1200-watts.html;https://www.quickitaly.com/it/prodotti/scalda-acqua/scalda-acqua/nautic-boiler-bxs/;;;;;"UNIT_BENCHMARK_ONLY;QTY_OPEN";"40L1200W220V plus engine heat exchanger common illustrative class; not owner size. Supplier dimensions/mass in research only pending official drawing. Thermostatic mixing equalise separately.";Stock1–6businessdays;2026-09-11;OBSERVED_NET_CONDITIONAL_SCOPE;PUBLIC_PRICE_NOT_KP;UNKNOWN;deliverables/M02/v001/01_support/all-candidates.csv;757.50
WC-AUX-01;ME-16;HVAC_PUMP;Frigomar;NH150PS SWM0150230;;шт;EUR;795.9;EXPLICIT_HT;;663.25;https://www.comptoirnautique.com/climatisation-bateau/91819-frigomar-pompes-a-entrainement-magnetique.html;https://www.frigomar.com/en/product-line/;;;;;"UNIT_BENCHMARK_ONLY;CURVE_AND_220V_OPEN";"230V50/60Hz magneticdrive; count and pump duty notfixed. No proof this model meets both seawater and chilledwater circuits; official detailed curve required.";"Preorder; replenishment19/09/2026";2026-09-11;OBSERVED_NET_CONDITIONAL_SCOPE;PUBLIC_PRICE_NOT_KP;UNKNOWN;deliverables/M02/v001/01_support/all-candidates.csv;663.25
WC-AUX-02;ME-17;THERMOSTATIC_MIXING;Quick;QB002 mixing kit;;шт;EUR;140.4;EXPLICIT_HT;;117;https://www.kent-marine.com/fr/produit/35262/chauffe-eau-cylindrique-40l-220v-1200w.html;https://www.quickitaly.com/it/prodotti/scalda-acqua/;;;;;PUBLIC_LIST_UNIT_BENCHMARK;"Observed linked accessory publicHT price; count unknown; confirm inclusion in selected calorifier supply.";Not confirmed;2026-09-11;OBSERVED_NET_CONDITIONAL_SCOPE;PUBLIC_PRICE_NOT_KP;UNKNOWN;deliverables/M02/v001/01_support/all-candidates.csv;117.00
WC-AUX-03;ME-17;FRESHWATER_FILTER;Jabsco;Pumpgard36400-0002 / substitution46400-0000;;шт;EUR;33.5;TAX_NOT_PROVEN;;;https://www.marine-impact.com/groupe-d-eau/313-filtre-en-ligne-pumpgard-o13-mm-jabsco.html;https://www.xylem.com/siteassets/brand/jabsco/resources/manual/36800-technical-data-sheet.pdf;;;;;"UNIT_BENCHMARK_GROSS_UNKNOWN;NET_WITHHELD";"Observedprice; no explicit taxbasis verified so net blank.13mm40mesh strainer not sanitary treatment and not dimensioned for proposedpressurestation.";Web listing;2026-09-11;NO_VERIFIED_NET;PUBLIC_PRICE_NOT_KP;UNKNOWN;deliverables/M02/v001/01_support/all-candidates.csv;
A01;ME-29;Бак гидравлики;Vetus;HT1010;;шт;GBP;2412.08;NET_EXPLICIT;;2412.08;https://www.vetus-shop.com/aluminium-hydraulic-tank-70-incl-ht1013-p-2024.html;https://webshop.vetus.com/nl/products/power-hydraulics/hydraulische-tanks;;;;;PARTIAL_HYDRAULIC_NOT_COMPLETE;"70л; HT1013 включён. Цена бака с частью управления, не станции. 615×475×360мм у продавца — только голый бак без клапанов, не монтажный габарит.";Out of Stock;2026-09-11;OBSERVED_NET_CONDITIONAL_SCOPE;PUBLIC_PRICE_NOT_KP;UNKNOWN;deliverables/M02/v001/01_support/all-candidates.csv;2807.52
A02;ME-29;Насос гидравлики;Vetus;HT1016SD2;;шт;GBP;2716.67;NET_EXPLICIT;;2716.67;https://www.vetus-shop.com/vetus-power-hydraulics-c-21_210.html;;;;;;PARTIAL_HYDRAULIC_NOT_COMPLETE;"45см³/оборот; ориентация/SAE/привод и требуемый расход не выбраны. Не три уровня насосов разного размера.";Не подтверждено;2026-09-11;OBSERVED_NET_CONDITIONAL_SCOPE;PUBLIC_PRICE_NOT_KP;UNKNOWN;deliverables/M02/v001/01_support/all-candidates.csv;3162.04
A03;ME-29;Охладитель масла;Vetus;HT301132;;шт;GBP;517.50;NET_EXPLICIT;;517.50;https://www.vetus-shop.com/aluminium-hydraulic-tank-70-incl-ht1013-p-2024.html;;;;;;PARTIAL_HYDRAULIC_NOT_COMPLETE;"Шланг32мм; теплоотдача/забортный контур требуют проверки; не доказана необходимость именно этого размера.";Не подтверждено;2026-09-11;OBSERVED_NET_CONDITIONAL_SCOPE;PUBLIC_PRICE_NOT_KP;UNKNOWN;deliverables/M02/v001/01_support/all-candidates.csv;602.34
A04;ME-29;Клапан якорной лебёдки;Vetus;HT102312;;шт;GBP;487.92;NET_EXPLICIT;;487.92;https://www.vetus-shop.com/aluminium-hydraulic-tank-70-incl-ht1013-p-2024.html;;;;;;PARTIAL_HYDRAULIC_NOT_COMPLETE;"Один тип клапана; не весь блок гидролебёдок, количество потребителей открыто.";Не подтверждено;2026-09-11;OBSERVED_NET_CONDITIONAL_SCOPE;PUBLIC_PRICE_NOT_KP;UNKNOWN;deliverables/M02/v001/01_support/all-candidates.csv;567.91
A05;ME-29;Управление нагрузкой;Vetus;HT1011;;шт;GBP;715.83;NET_EXPLICIT;;715.83;https://www.vetus-shop.com/vetus-power-hydraulics-c-21_210.html;;;;;;PARTIAL_HYDRAULIC_NOT_COMPLETE;"Одноступенчатый load sensing; пригодность к общей системе открыта.";Не подтверждено;2026-09-11;OBSERVED_NET_CONDITIONAL_SCOPE;PUBLIC_PRICE_NOT_KP;UNKNOWN;deliverables/M02/v001/01_support/all-candidates.csv;833.18
A06;ME-29;Клапан подруливающего;Vetus;HT1013;;шт;GBP;300.83;NET_EXPLICIT;;300.83;https://www.vetus-shop.com/aluminium-hydraulic-tank-70-incl-ht1013-p-2024.html;;;;;;INCLUDED_COMPONENT_DO_NOT_ADD;"Уже входит в HT1010; отдельная цена только для дополнительного потребителя, не прибавлять повторно.";Не подтверждено;2026-09-11;OBSERVED_NET_CONDITIONAL_SCOPE;PUBLIC_PRICE_NOT_KP;UNKNOWN;deliverables/M02/v001/01_support/all-candidates.csv;350.15
A07;ME-29;Общая гидросистема;Sleipner;Load-sensing system / bulkhead tank 40L;;шт;EUR;;RFQ_REQUIRED;;;;https://info.sleipnergroup.com/hubfs/Side-Power_Hydraulic_AC_Thrusters_2020.pdf;870;330;705;55;RFQ_REQUIRED_TECH_OPEN;"Справочный габарит настенного танк-модуля из каталога2020; с блоком одного подруливающего, без всей установки. Ещё100мм для замены фильтра. Нужны текущийCAD и расчёт всех потребителей.";Не подтверждено;2026-09-11;NO_VERIFIED_NET;PUBLIC_PRICE_NOT_KP;UNKNOWN;deliverables/M02/v001/01_support/all-candidates.csv;
A08;ME-29;Палубная гидростанция;Harken;Hydro 2;;шт;EUR;;RFQ_REQUIRED;;;;https://gallery.harken.com/gallery/3d369089-1f35-489d-8b71-ab3020e962a1.pdf;491;341;567.7;63.5;RFQ_REQUIRED_THRUSTER_CAPABILITY_OPEN;"30л,2мотора24V4kW; стандартная помпа15л/мин140бар. Не доказана пригодность для подруливающих; не назначать резервное питание от6АКБ дорасчёта тока.";Не подтверждено;2026-09-11;NO_VERIFIED_NET;PUBLIC_PRICE_NOT_KP;UNKNOWN;deliverables/M02/v001/01_support/all-candidates.csv;
A09;ME-18;Дуплексный топливный фильтр;Parker Racor;75500MAXM30;;шт;EUR;2199.90;GROSS_RATE_VERIFIED;19;1848.66;https://racorshop.de/product/racor-75500maxm30-turbine-filter-marine/;https://www.parker.com/content/dam/Parker-com/Literature/Racor-Europe/FDRB544UK_BRO_Distribution_Solution_Brochure-_Racor_Europe.pdf;;;;;PRICE_VARIATION_RECONFIRM_TECH_OPEN;"Root open2612.00gross/19%=2194.96NET; повторное открытие независимым агентом2199.90gross/19%=1848.66NET. Принято последнее наблюдение, расхождение сохранено; подтвердить цену до сравнения. Дуплексный узел, микроны/расход одной ветви под двигатель.";1 in stock;2026-09-11;VARIABLE_PRICE_RECONFIRM;PUBLIC_PRICE_NOT_KP;UNKNOWN;deliverables/M02/v001/01_support/all-candidates.csv;1848.66
A10;ME-19;Фильтр забортной воды;Vetus;FTR330/32;;шт;GBP;81.67;NET_EXPLICIT;;81.67;https://www.vetus-shop.com/vetus-raw-water-strainer-type-330-and21632mm-p-1026.html;;;;;;UNIT_BENCHMARK_TECH_OPEN;"Типоразмер32мм только ориентир; диаметр и положение относительно ватерлинии по выбранному агрегату.";10+ in stock;2026-09-11;OBSERVED_NET_CONDITIONAL_SCOPE;PUBLIC_PRICE_NOT_KP;UNKNOWN;deliverables/M02/v001/01_support/all-candidates.csv;95.06
A11;ME-19;Фильтр забортной воды;Vetus;FTR33032M;;шт;EUR;164.46;NET_EXPLICIT;;164.46;https://www.mediawinkel.eu/nl/heavy-duty-waterfilter-32-mm.html;;;;;;UNIT_BENCHMARK_TECH_OPEN;"NET явно exclusiefBTW; усиленная версия с металлической крышкой. Сравнение с FTR330/32 требует одинаковых давления/установочного положения.";Не подтверждено;2026-09-11;OBSERVED_NET_CONDITIONAL_SCOPE;PUBLIC_PRICE_NOT_KP;UNKNOWN;deliverables/M02/v001/01_support/all-candidates.csv;164.46
A12;ME-20;Электрический осушительный насос;Rule;2000 GPH / model12 /24V;;шт;GBP;107.24;NET_EXPLICIT;;107.24;https://www.mackengineering.co.uk/rule-2000-gph-bilge-pump-24v.html;https://www.xylem.com/siteassets/brand/rule/resources/technical-brochure/standard-bilge-pumps-model-number-table.pdf;108;108;152;;UNIT_BENCHMARK_TECH_OPEN;"Габариты из официальной таблицы, у дилера155×105 отличаются; сверить ревизию. Не вся система осушения; поплавок/сигнализация отдельно.";Не подтверждено;2026-09-11;OBSERVED_NET_CONDITIONAL_SCOPE;PUBLIC_PRICE_NOT_KP;UNKNOWN;deliverables/M02/v001/01_support/all-candidates.csv;124.82
A13;ME-20;Ручной осушительный насос;Whale;Gusher Urchin BP9005;;шт;GBP;55.10;NET_EXPLICIT;;55.10;https://www.mackengineering.co.uk/bp9005-whale-gusher-urchin-hand-pump.html;;;;;;UNIT_BENCHMARK_TECH_OPEN;"Ориентир цены ручного насоса; не назначенный главный аварийный насос67ft, расход/напор/доступ проверить.";Не подтверждено;2026-09-11;OBSERVED_NET_CONDITIONAL_SCOPE;PUBLIC_PRICE_NOT_KP;UNKNOWN;deliverables/M02/v001/01_support/all-candidates.csv;64.13
A14;ME-20;Датчик/сигнализация высокой воды;Rule;32ALA /24V;;шт;GBP;73.19;NET_EXPLICIT;;73.19;https://www.mackengineering.co.uk/rule-2000-gph-bilge-pump-24v.html;;;;;;UNIT_BENCHMARK_TECH_OPEN;"Цена связанного товара открытой карточки; состав сигнализации и число отсеков открыты.";Не подтверждено;2026-09-11;OBSERVED_NET_CONDITIONAL_SCOPE;PUBLIC_PRICE_NOT_KP;UNKNOWN;deliverables/M02/v001/01_support/all-candidates.csv;85.19
A15;ME-22;Вентиляция МО;Jabsco;35770-0094 /24V;;шт;GBP;224.42;SEARCH_ONLY_NET_CLAIM;;;https://www.mackengineering.co.uk/35770-0094-24v-flexmount-blower.html;https://www.xylem.com/siteassets/brand/jabsco/resources/manual/357x0-technical-data-sheet.pdf;;;;3.18;PRICE_NOT_ADMITTED_AVAILABILITY_HOLD;"Поиск224.42exVAT, открытиеchallenge. Раздел дилера предупреждаетhold EU compliance. NET поле пусто; не считать доступным. Официально7м³/мин свободныйрасход, требуемыйнапорнепроверен.";CHECK_AVAILABILITY / category EU hold;2026-09-11;NO_VERIFIED_NET;PUBLIC_PRICE_NOT_KP;UNKNOWN;deliverables/M02/v001/01_support/all-candidates.csv;
A16;ME-23;Насос смены масла;Marco;UP3/OIL 16402013 /24V;;шт;GBP;162.00;NET_EXPLICIT;;162.00;https://www.mackengineering.co.uk/marco-up3-oil-pump-24v.html;https://items.marco.it/en/md_productpdf/index/generate/product/253/store/2/;;;;;UNIT_BENCHMARK_TECH_OPEN;"Только насос; коллектор3агрегатов,шланги,поддоны,свет и автоматика не включены.";Не подтверждено;2026-09-11;OBSERVED_NET_CONDITIONAL_SCOPE;PUBLIC_PRICE_NOT_KP;UNKNOWN;deliverables/M02/v001/01_support/all-candidates.csv;188.56
A17;ME-24;Датчик уровня танка;Vetus;SENSOR320;;шт;GBP;61.67;NET_EXPLICIT;;61.67;https://www.vetus-shop.com/vetus-fuel-tank-quickfit-diesel-40-litre-8mm-p-1786.html;;;;;;UNIT_BENCHMARK_TECH_OPEN;"Длина320мм исследовательская; не утверждена глубина/число танков. Цена связанного товара, отдельный индикатор не включён.";Не подтверждено;2026-09-11;OBSERVED_NET_CONDITIONAL_SCOPE;PUBLIC_PRICE_NOT_KP;UNKNOWN;deliverables/M02/v001/01_support/all-candidates.csv;71.78
A18;ME-24;Датчик уровня танка;Vetus;SENSORA;;шт;GBP;161.25;NET_EXPLICIT;;161.25;https://www.vetus-shop.com/vetus-fuel-tank-quickfit-diesel-40-litre-8mm-p-1786.html;;;;;;UNIT_BENCHMARK_TECH_OPEN;"Ультразвуковой аналоговый датчик; работа в конкретном танке и интерфейс подлежат проверке. Не цена танка.";Не подтверждено;2026-09-11;OBSERVED_NET_CONDITIONAL_SCOPE;PUBLIC_PRICE_NOT_KP;UNKNOWN;deliverables/M02/v001/01_support/all-candidates.csv;187.69
A19;ME-25;Откачка сточного танка;Jabsco;18590-2094 /24V;;шт;GBP;141.63;NET_EXPLICIT;;141.63;https://www.cactusnav.com/jabsco-macerator-pump-p-37922.html;;;;;;UNIT_BENCHMARK_TECH_OPEN;"24V; только насос сточного танка. Пересечение с комплектом туалета проверять; число танков не назначено.";In Stock Plymouth;2026-09-11;OBSERVED_NET_CONDITIONAL_SCOPE;PUBLIC_PRICE_NOT_KP;UNKNOWN;deliverables/M02/v001/01_support/all-candidates.csv;164.85
A20;ME-21;Стационарное пожаротушение;Fireboy;MA series 31.620.55;;шт;EUR;1950.00;SEARCH_ONLY_NET_CLAIM;;;https://www.oltrevela.com/en/31-620-55-fireboy-ma-series-automatic-manual-fire-extinguisher-13-4-kg-for-engine-rooms-and-motor-compartments-up-to-51m-uscg-and-iso-rina-approved-fireboy-4;https://fireboy.com/ma2-fire-extinguisher/;;;;;PRICE_NOT_ADMITTED_VOLUME_AND_VARIANT_OPEN;"Поиск1950NET, открытиеошибка. Заголовок51м³, таблица15.6м³ противоречат; модель/заряд не выбраны. Нельзя уменьшать заряд ради габарита. Отключение двигателей/вентиляции и ручнойпуск по отдельномуBOM.";Не подтверждено;2026-09-11;NO_VERIFIED_NET;PUBLIC_PRICE_NOT_KP;UNKNOWN;deliverables/M02/v001/01_support/all-candidates.csv;
A21;ME-26;Дополнительное водяное отопление;Webasto;Thermo Pro90 Marine 24V /9029943C;;шт;EUR;2007.16;NET_LABEL_CONFLICT;;;https://www.standkachel.nu/webasto-air-and-water-heaters-and/webasto-waterkachels-thermotop-spheros-dbw-valeo/webasto-marine-waterheaters-for-thermo-pro-90-24-volt/webasto-thermo-chiller--pro-90-marine-24-volt-;;;;;;OPTIONAL_PRICE_NOT_ADMITTED_TAX_CONFLICT;"Открытая карточка маркирует2007.16NET, показывает2161.71sale/2543.18list: арифметика налоговойпары неясна. Неиспользоватьвранжировании; отоплениеещёопция, нечиллеркондиционирования.";Не подтверждено;2026-09-11;NO_VERIFIED_NET;PUBLIC_PRICE_NOT_KP;UNKNOWN;deliverables/M02/v001/01_support/all-candidates.csv;
A22;ME-26;Дополнительное водяное отопление;Webasto;Thermo Pro90 Marine 24V /4111185A;;шт;GBP;1995.49;NET_EXPLICIT;;1995.49;https://www.butlertechnik.com/item/Webasto/Thermo-Pro-90-24v-Marine-Kit-With-Switch-91kW-4111185A/5G7;https://www.butlertechnik.com/downloads/cms/7432/webasto-thermo-pro-90-marine-installation-manual.pdf;;;;;OPTIONAL_UNIT_BENCHMARK_TECH_OPEN;"9.1kW только исследовательский класс; монтажный комплект с выключателем, остальные контуры и теплоотдающие устройства не включены. Не выбранное отопление и не чиллер.";Item out of stock;2026-09-11;OBSERVED_NET_CONDITIONAL_SCOPE;PUBLIC_PRICE_NOT_KP;UNKNOWN;deliverables/M02/v001/01_support/all-candidates.csv;2322.63
YAN-E01;ME-01|ME-02;engine_gearbox;Yanmar;8LV320E-KMH50A + VC20;1;package;EUR;58842;"incl BTW; rate not stated";;;https://www.abma-sneek.nl/yanmar/engines-gears-drives/powerboat-engines?prod_id=650436;https://www.yanmar.com/marine/product/engines/8lv320/;1340;880;766;487;"CONDITIONAL_DUTY_PTO_START_VOLTAGE; NET_RFQ_REQUIRED";"320 mhp / 235 kW at 3800 rpm; 1 engine + 1 KMH50A + VC20; manufacturer 2021 package dry mass 435+52 kg and envelope with gear/elbow; standard 12V starter; front belt PTO optional capacity unverified; dealer includes mounts/panel/wiring/fluids; installed propulsion scope incomplete";"Dealer says in stock; exact stock and price validity RFQ";2026-09-11;NO_VERIFIED_NET;PUBLIC_PRICE_NOT_KP;UNKNOWN;deliverables/M03/v001/01_support/yanmar/candidates.csv;
YAN-E02;ME-01;engine_bobtail;Yanmar;"6LPAM-STP2 bobtail (dealer); 6LPA-STP2 manufacturer";1;engine;EUR;21675;"excl BTW; NET explicitly listed";;21675;https://useddieselenginecenter.nl/yanmar-6lpam-stp2-6-lpam-stp-2-bobtail;https://www.yanmar.com/marine/product/engines/6lpa-stp2-6lpa-stc/;;;;408;"CONDITIONAL_EU_NEWBUILD_CERT_DUTY_PTO_START_VOLTAGE; GEARBOX_NOT_PRICED";"New per dealer; 315 mhp / 232 kW at 3800 rpm at 25C fuel; 299 mhp / 220 kW at 40C per 2017 spec; priced engine only excluding gear/panel/harness; proposed 1 KMH50A RFQ; engine-only dry mass; package envelope 1220x666x739 drawing vs1190 length table conflict; package dry mass459 kg; 12V starter; RCD1 only evidenced";"Stock field0 conflicts with availability from stock; RFQ";2026-09-11;OBSERVED_NET_CONDITIONAL_SCOPE;PUBLIC_PRICE_NOT_KP;UNKNOWN;deliverables/M03/v001/01_support/yanmar/candidates.csv;21675.00
YAN-E03;ME-01|ME-02;engine_gearbox;Yanmar;6LY2M-WDT + YX-50S (proposed);1;package;EUR;;RFQ_REQUIRED;;;;https://www.yanmar.com/marine/product/engines/6ly2m-wdt/;1412;835;880;643;"RFQ_REQUIRED; CONDITIONAL_EU_NEWBUILD_CERT_DUTY_PTO";"Current official card330 mhp /243 kW at3200 rpm; 1 engine +1 proposedYX-50S; package dry mass535+108kg; envelope with gear/high-riser elbow; optional24V electrical system official but exact starter/configuration RFQ; IMO Tier2 shown not EU RCD approval; PTO capacity unverified";"Official current catalogue; European delivery and new-build certification RFQ";2026-09-11;NO_VERIFIED_NET;PUBLIC_PRICE_NOT_KP;UNKNOWN;deliverables/M03/v001/01_support/yanmar/candidates.csv;
PAN-G01;ME-04|ME-19;generator;Fischer Panda;12000x PMS JPC FP12000X;2;package;GBP;16830.00;EXPLICIT_GROSS_NET_PAIR;20;14025.00;https://www.jpcdirect.com/product/fischer-panda-12000x-generator/;https://www.onefischerpanda.com/fileadmin/content/product-information/marine-generators-compact-power/12000x/Panda_12000x_PMS_-_EN.pdf;705;450;590;195;MARKET_REFERENCE|START24V_OPEN|HOT_OUTPUT_OPEN|UK_IMPORT_OPEN;"50Hz230V not yet accepted as220V target;2generators retained;standard datasheet12Vstarter, priced24V SKU unconfirmed. 10.2kW/12kVA NOMINAL at20C;2026catalogue treats0.85 kVA factor as short inductive starting only;hot continuous useful output OPEN. Capsule dimensions exclude fittings and service space;ME19 partial factory cooling only. JPC H565/192kg metadata conflicts withOEM. Fuel pump/looms/control panel/capsule advertised;exact control revision and install kit RFQ.";"Available on back-order;qty2/dateRFQ";2026-09-11;OBSERVED_NET_CONDITIONAL_SCOPE;PUBLIC_PRICE_NOT_KP;UNKNOWN;deliverables/M03/v001/01_support/panda/candidates.csv;16324.27
PAN-G02;ME-04|ME-19;generator;Fischer Panda;12000x-230V PMS NautiRadar0028284;2;package;EUR;17451.22;NET_EXPLICIT;;17451.22;https://www.nautiradar.pt/en/products/fischer-panda/panda-12000x-230v-pms-12kva-fixed-engine-speed-marine-generator;https://www.onefischerpanda.com/fileadmin/content/product-information/marine-generators-compact-power/12000x/Panda_12000x_PMS_-_EN.pdf;705;450;590;195;MARKET_REFERENCE|START24V_OPEN|HOT_OUTPUT_OPEN|SKU_REVISION_OPEN;"50Hz230V not yet accepted as220V target;2generators retained;standard datasheet12Vstarter, priced24V SKU unconfirmed. 10.2kW/12kVA NOMINAL at20C;2026catalogue treats0.85 kVA factor as short inductive starting only;hot continuous useful output OPEN. Capsule dimensions exclude fittings and service space;ME19 partial factory cooling only. SellerSKU0028284 vsOEMsheet0024660:exact revision must be tied to offer. EU seller does not yet prove EU dispatch/free-circulation/Poland delivery.";"Stock and lead time not stated;qty2/dateRFQ";2026-09-11;OBSERVED_NET_CONDITIONAL_SCOPE;PUBLIC_PRICE_NOT_KP;UNKNOWN;deliverables/M03/v001/01_support/panda/candidates.csv;17451.22
PAN-G03;ME-04|ME-19;generator;Fischer Panda;15000i-230V PMS NautiRadar0000182;2;package;EUR;20128.46;NET_EXPLICIT;;20128.46;https://www.nautiradar.pt/en/products/fischer-panda/panda-15000i-230v-pms-12kw-230v-variable-speed-marine-generator;https://www.fischerpanda.co.uk/res/Fischer%20Panda%20Marine%20Generators%202026%20-%20FPUK;650;465;589;176;MARKET_REFERENCE|START24V_OPEN|HOT_OUTPUT_OPEN|INVERTER_SCOPE_OPEN;"Alternative model for same required useful output;not15kW.50Hz230V nominal12kW/15kVA;PMGi230V manual longterm12kW does not guarantee whole-set output at hot ambient;OEM20C engine reference.160kg capsule+16kg external inverter;dimensions capsule only;dealer162+16kg discrepancy. Inverter model/cooling/inclusion and24V starter RFQ.2gens retained;no automatic parallel operation.";"Stock and lead time not stated;qty2/dateRFQ";2026-09-11;OBSERVED_NET_CONDITIONAL_SCOPE;PUBLIC_PRICE_NOT_KP;UNKNOWN;deliverables/M03/v001/01_support/panda/candidates.csv;20128.46
